"annotation_id","annotator","created_at","id","lead_time","review","sentiment","toxic","updated_at"
1,"1","2026-05-02T12:52:07.279467Z",0,41.751,"качество плохое пошив ужасный (горловина наперекос) Фото не соответствует Ткань ужасная рисунок блеклый маленький рукав не такой УЖАС!!!!! не стоит за такие деньги г.......","negative","","2026-05-02T12:52:07.279499Z"
312,"1","2026-05-02T13:16:55.330141Z",1,9.457,"Товар отдали другому человеку, я не получила посылку. Ладно хоть деньги вернули.","negative","OK","2026-05-02T13:16:55.330184Z"
313,"1","2026-05-02T13:17:05.158106Z",2,5.049,"Ужасная синтетика! Тонкая, ничего общего с представленной картинкой, не яркая, рисунок растянут и тусклый, впрочем как и сама кофта- мешок! На картинке кажется приталенной на самом деле нет! Не рекомендую","negative","OK","2026-05-02T13:17:05.158136Z"
2,"1","2026-05-02T12:55:55.952775Z",3,3.983,"товар не пришел, продавец продлил защиту без моего согласия. от продавца одни обещания","negative","OK","2026-05-02T12:55:55.952806Z"
3,"1","2026-05-02T12:55:58.085667Z",4,1.482,"Кофточка голая синтетика, носить не возможно.","negative","OK","2026-05-02T12:55:58.085701Z"
4,"1","2026-05-02T12:55:59.916004Z",5,1.197,"Очень глубокие проймы","negative","OK","2026-05-02T12:55:59.916043Z"
5,"1","2026-05-02T12:56:27.004145Z",6,4.097,"Я недовольна заказом.Я вот одного не понимаю почему внизу не прошито в остальных местах все прошито.Спасибо хоть за общительность и за быстрость.","negative","OK","2026-05-02T12:56:27.004176Z"
6,"1","2026-05-02T12:56:30.155614Z",7,2.529,"заказала размер s на от 64,об 94,начнем с того, что влезть туда могут 3 меня, они постоянно сползают и заниматься вообще неудобно.  качество ужасное, будто просто одел капроновые колготки и то, не самые лучшие, после первой носки сразу же образовались катышки.носить не буду.
читала отзывы,мб это только мне так не повезлр(","negative","OK","2026-05-02T12:56:30.155640Z"
7,"1","2026-05-02T12:56:38.200930Z",8,7.479,"Заказ я сделала в июле. С тех пор посылка отслеживалась до границы с Россией(есть подозрение что ее там потеряли), а продавец отказывался возвращать оплату или отправить повторно посылку. Общалась с ним не однократно, последний раз обещал продлить защиту, но не сделал этого. Дело не в сумме, просто принцип уже. Если ситуация изменится дополню отзыв./The order I made in July. Since the package was tracked to the border with Russia(there is a suspicion that it's lost), and the seller refused to refund the payment or re-send the parcel. I talked to him once, the last time promised to extend protection, but didn't. It's not the amount, just the principle already. If the situation changes I will add a review.","negative","OK","2026-05-02T12:56:38.200961Z"
8,"1","2026-05-02T12:57:51.962828Z",9,2.542,"Ужасное качество товара!","negative","OK","2026-05-02T12:57:51.962855Z"
9,"1","2026-05-02T12:57:53.586602Z",10,1.062,"короткая кофта нитки торчат,не суразно выглядит вообще","negative","OK","2026-05-02T12:57:53.586633Z"
10,"1","2026-05-02T12:57:55.135672Z",11,1.031,"ткань приятная. вот только пятно на спине.","negative","OK","2026-05-02T12:57:55.135694Z"
11,"1","2026-05-02T12:57:56.571181Z",12,0.9,"рубашка очень маломерит .. заказывала хл пришло на 46 размер","negative","OK","2026-05-02T12:57:56.571214Z"
12,"1","2026-05-02T12:57:58.301405Z",13,1.149,"кофта пришла с браком, вот такая дыра на горловине","negative","OK","2026-05-02T12:57:58.301438Z"
13,"1","2026-05-02T12:58:02.506350Z",14,3.585,"товар застрял во Внуково. видимо каряво написали адрес. деньги не вернули!!!!","negative","OK","2026-05-02T12:58:02.506380Z"
14,"1","2026-05-02T12:58:04.277225Z",15,1.156,"кофта выглядит как тряпка,большемерка,еще и колится","negative","OK","2026-05-02T12:58:04.277256Z"
15,"1","2026-05-02T12:58:07.844999Z",16,2.936,"Проблема с выкройкой.  Шапка сзади заворачивается как у гнома. Шапка с меховым подкладом. Попробую распороть и перешить. Не рекомендую. Хотя такая цена... не катастрофа.","negative","OK","2026-05-02T12:58:07.845031Z"
16,"1","2026-05-02T12:58:09.298697Z",17,0.841,"размер очень мал","negative","OK","2026-05-02T12:58:09.298730Z"
17,"1","2026-05-02T12:58:12.014546Z",18,2.11,"Это не толстовка, а ужас, висит мешком, не смотря на то, что размер выбирала очень долго, единственный + это очень приятный цвет. ","negative","OK","2026-05-02T12:58:12.014575Z"
18,"1","2026-05-02T12:58:17.314728Z",19,4.626,"Заказывала фиолетовую кофту размер XL, пришла очень маленькая кофта по длине 53 см и по груди тоже-детская разм. меньше чем S. Очень расстроилась, по спору присудили возврат денег 27 декабря. Выплата от 3 до 20 дней. Прошло уже 24 дня, деньги продавец не вернул, на сообщения не отвечает! Кофту такого смешного размера носить нельзя. Продавец непорядочный! Непонятно, почему Алиэкспресс после спора не отслеживают возвраты денег!","negative","OK","2026-05-02T12:58:17.314775Z"
19,"1","2026-05-02T12:58:20.057068Z",20,2.092,"В общем . Почему одна заезда? Только за то, что пришли за 1,5 недели. Остальное - ужас. Нитки торчат, пришли маломерки, молния задняя держится на бог знает чем и она кривая...я очень расстроена ","negative","OK","2026-05-02T12:58:20.057098Z"
20,"1","2026-05-02T12:58:22.478830Z",21,1.783,"материал гладкий. синтетика. летом не представляю как носить. будет очень жарко. странно , что никто не написал, что совсем нет хлопка в составе как у трикотажа , к примеру.","negative","OK","2026-05-02T12:58:22.478859Z"
21,"1","2026-05-02T12:58:25.186274Z",22,2.093,"заказ не пришёл. ждала с мая. спор открывать не буду, считаю это ниже моего достоинства. Пусть будет на совести продавца. магазин заигнорю","negative","OK","2026-05-02T12:58:25.186306Z"
22,"1","2026-05-02T12:58:29.276162Z",23,3.471,"Пуловер получил, жена товаром категорически не довольна, везде торчат нитки , за любую потянешь , кофта начинает распускаться , цвет на картинке светло розовый , послали серо - розовый , брака очень много , доделок требуется очень много. Подвальная работа .","negative","OK","2026-05-02T12:58:29.276194Z"
23,"1","2026-05-02T12:58:30.927058Z",24,0.992,"Повязка пришла вовремя , но вся драная . Очень жаль. ","negative","OK","2026-05-02T12:58:30.927083Z"
24,"1","2026-05-02T12:58:32.224423Z",25,0.774,"заказ не пришёл!!!!!","negative","OK","2026-05-02T12:58:32.224454Z"
25,"1","2026-05-02T12:58:33.514426Z",26,0.783,"Товар не пришел","negative","OK","2026-05-02T12:58:33.514458Z"
26,"1","2026-05-02T12:58:35.296229Z",27,1.198,"ставлю 1звезду, т.к товар не пришел. ждала с мая по сентябрь. деньги вернули.","negative","OK","2026-05-02T12:58:35.296256Z"
27,"1","2026-05-02T12:58:38.640314Z",28,2.798,"ужасно! очень неудобный и в подмышках жмет
может он расчитан на маленьких девочек или девушек без груди.
Очень расстроена(","negative","OK","2026-05-02T12:58:38.640336Z"
28,"1","2026-05-02T12:58:41.270981Z",29,2.116,"ужас!!! заказ ждала 3 месяца он так и не пришел. продавец обещал что он придет постоянно продлевал дни доставки. потом я открыла спор  попросила деньги назад но ничего. вообщем кошмар.","negative","OK","2026-05-02T12:58:41.271018Z"
29,"1","2026-05-02T12:58:43.030602Z",30,1.125,"Товар так и не пришёл ((( продавец не вернул деньги (((","negative","OK","2026-05-02T12:58:43.030636Z"
30,"1","2026-05-02T12:58:44.655051Z",31,1.003,"Продавец обманщик,товар не пришёл,деньги не вернули","negative","OK","2026-05-02T12:58:44.655089Z"
31,"1","2026-05-02T12:58:47.094062Z",32,1.789,"Товар не соответсвует фото продавца. Заказывала свитер, а пришёл кардиган абсолютно другого фасона. Деньги не вернули. ","negative","OK","2026-05-02T12:58:47.094097Z"
32,"1","2026-05-02T12:58:49.403434Z",33,1.483,"К сожалению, заказ не отслеживается. Пропал... очень обидно... обратная связь с продавцом хорошая ","negative","OK","2026-05-02T12:58:49.403466Z"
33,"1","2026-05-02T12:58:52.646302Z",34,2.378,"плохо сшито, швы не ровные, нитки торчат, ткань колючая. спор закрыли не в мою пользу. модель сама по себе красивая, упаковано хорошо, по размеру подошло. но качество оставляет желать лучшего.","negative","OK","2026-05-02T12:58:52.646329Z"
34,"1","2026-05-02T12:58:54.222590Z",35,0.951,"Не держится, не прилипает, не выполняет свои функции. Выброс денег.","negative","OK","2026-05-02T12:58:54.222623Z"
35,"1","2026-05-02T12:58:56.746003Z",36,1.901,"Кофта шла с большими проблемами,  трек плохо отслеживался. Заказала XXL на свой 46 размер.  По сравнению с кофточкой я слон, т.к. эта вещь на девочку 10-ти лет.","negative","OK","2026-05-02T12:58:56.746031Z"
36,"1","2026-05-02T12:58:58.296472Z",37,0.939,"заказывала разного цвета, а пришли две одинаковые за это минус","negative","OK","2026-05-02T12:58:58.296500Z"
37,"1","2026-05-02T12:59:01.047610Z",38,2.147,"Ужасная тряпка для мытья полов. Отдала домработнице. Она правда себе взяла))) носить будет)))","negative","OK","2026-05-02T12:59:01.047635Z"
38,"1","2026-05-02T12:59:05.779964Z",39,4.197,"Отвратительная вещь! Хочу уже просить деньги обратно! Очень разочарована! Я такие некачественные вещи уже давно не видела! Совершенно не то что на картинке. Ужасный покрой проймы и воротника. Ничего в этом магазине никогда не буду брать. Я возмущена - как можно такое продавать людям!","negative","OK","2026-05-02T12:59:05.779995Z"
39,"1","2026-05-02T12:59:07.418984Z",40,1.031,"Увы( товар отличается от товара предлагаемого сайтом.","negative","OK","2026-05-02T12:59:07.419018Z"
40,"1","2026-05-02T12:59:09.295343Z",41,1.098,"Свитер бракованный, запаха нет,большая, но теплая доставка долгая.","negative","OK","2026-05-02T12:59:09.295374Z"
41,"1","2026-05-02T12:59:11.335439Z",42,1.404,"товар так и не пришел продавец даже не отвечал на смс","negative","OK","2026-05-02T12:59:11.335472Z"
42,"1","2026-05-02T12:59:17.181581Z",43,5.224,"заказывала два платья в день распродажи.одно из них пришло быстро
.а вот второе было отправлено совершенно в другой город.и его получил другой покупатель.открыла спор.целый месяц продавец пудрил мозги (((не ожидала от такого магазина бренда .Али экспресс вернул оплату за второе платье.в магазине очень разочарованна","negative","OK","2026-05-02T12:59:17.181612Z"
43,"1","2026-05-02T12:59:18.941368Z",44,1.146,"по заказаному размеру я вписывала
сь с запасом в 5 см.Но даже не натянула!","negative","OK","2026-05-02T12:59:18.941402Z"
44,"1","2026-05-02T12:59:20.328767Z",45,0.747,"товар не пришел
деньги не вернули","negative","OK","2026-05-02T12:59:20.328796Z"
45,"1","2026-05-02T12:59:21.877002Z",46,0.995,"продовец хотел кинуть товар типо выслал ток в другую точку мира","negative","OK","2026-05-02T12:59:21.877038Z"
46,"1","2026-05-02T12:59:26.637389Z",47,4.215,"Товар сначался ушёл в Латвию,  потом в какой то город,  вроде Гусев.  Защита закончилась,  спор не открывается,  ни денег,  ни товара!!!!  Не рекомендую!!!!!!!!  Лучше взять на несколько рублей дороже у другого продавца,  зато вещь будет у тебя.  Не рекомендую!!!!!!!!!!!","negative","OK","2026-05-02T12:59:26.637419Z"
47,"1","2026-05-02T12:59:28.882266Z",48,1.628,"очень не довольна этим продавцом!Второй раз заказывала эту кофту и оба раза она не пришла. Хоть деньги вернули.","negative","OK","2026-05-02T12:59:28.882295Z"
48,"1","2026-05-02T12:59:30.470993Z",49,0.987,"толстовка дырявая, швы не прошиты вообще,","negative","OK","2026-05-02T12:59:30.471018Z"
49,"1","2026-05-02T12:59:32.250133Z",50,1.191,"послали по другому адресу,  пришлось ставить на спор. недовольна продавцом!","negative","OK","2026-05-02T12:59:32.250164Z"
50,"1","2026-05-02T12:59:36.414270Z",51,3.461,"Размеры не соответствуют заявленным. Заказала xl,а пришла маленькая как s. Отдала худющей сестре. Заказом не довольна. ","negative","OK","2026-05-02T12:59:36.414299Z"
51,"1","2026-05-02T12:59:43.754170Z",52,6.71,"Заказанный товар пришел не того цвета. Я заказывала цвет navy, а получила navy2 - это очень темный цвет. В нашем споре я так и не смогла это доказать Продавец сказал, что я такой цвет и заказывала. .Я просила вернуть деньги за товар - они не согласились. Я хотела сделать возврат товара за их счет - они тоже не захотели. В общем, я осталась без товара и без денег. Я очень недовольна этим магазином.","negative","OK","2026-05-02T12:59:43.754202Z"
52,"1","2026-05-02T12:59:45.756652Z",53,1.355,"Товар не пришёл.Продавец тянул время.По лось открывать спор.Экспресс вмешался.Деньги вернули.","negative","OK","2026-05-02T12:59:45.756676Z"
53,"1","2026-05-02T12:59:47.497688Z",54,1.21,"Заказала L...мал((( идет на 46 р. Качество хорошее. Аккуратнее с размером","negative","OK","2026-05-02T12:59:47.497721Z"
54,"1","2026-05-02T12:59:48.941555Z",55,0.831,"Товар не получила. Открыли спор","negative","OK","2026-05-02T12:59:48.941587Z"
55,"1","2026-05-02T12:59:51.338897Z",56,1.812,"Толстовка абсолютно не такая как на фото. Очень маленькая, а на фото смотрится балахоном. Размер XXL. Качество тоже не очень. Вообщем не советую","negative","OK","2026-05-02T12:59:51.338929Z"
56,"1","2026-05-02T12:59:53.083094Z",57,1.103,"кофта не совпадает с фото в интернете к сожалению....","negative","OK","2026-05-02T12:59:53.083123Z"
57,"1","2026-05-02T12:59:54.897509Z",58,1.201,"платье не пришло в мае заказала все лето ждала и не пришло вернули деньги это плюс.","negative","OK","2026-05-02T12:59:54.897538Z"
58,"1","2026-05-02T12:59:56.831361Z",59,1.304,"заказ не отслеживался, продавец вообще не шел на контакт. 2 месяца зря прождала","negative","OK","2026-05-02T12:59:56.831394Z"
59,"1","2026-05-02T12:59:59.663663Z",60,2.191,"на фото все выглядело гораздо лучше чем оказалось в реальности. размер который я заказала оказался не просто большим а огромным!","negative","OK","2026-05-02T12:59:59.663694Z"
60,"1","2026-05-02T13:00:04.946224Z",61,4.569,"штаны классные,  дочке подошли с небольшим запасом,  внутри небольшой начес,  но сам материал тонковат. 
Сняла звезды за то,  что штаны пришли с браком: там где шов слишком мало ткани на припуск и были не прошиты,  и прошить сложно,  так как материал в этом месте без запаса и даже зацепиться не за что,  чтобы прошить.  Открыла спор,  но деньги не вернули.  
Хоть бы смотрели,  что отправляют.  Обидно  - деньги на ветер.","negative","OK","2026-05-02T13:00:04.946262Z"
61,"1","2026-05-02T13:00:07.313446Z",62,1.771,"первый раз столкнулась с подобным обманом,, прислали пустой пакет. спор открыла сразу,, но решение не в мою пользу (крайне разочарована в людях","negative","OK","2026-05-02T13:00:07.313481Z"
62,"1","2026-05-02T13:00:13.628610Z",63,5.774,"Леггенсы ужасть. Ткань еще норм, но выкроны одинаково что спереди что сзади, так что не садятся на женскую фигуру как надо и везде собираются складками, хотя фигура у пеня нормальная. В икрах плотно, попу расплющили, под попой и в паху складки, талия высокая и свободная. Такие вещи лучше мерить перед покупкой. Если вы любите что бы сидело хорошо - не берите. ","negative","OK","2026-05-02T13:00:13.628648Z"
63,"1","2026-05-02T13:00:15.591034Z",64,1.32,"Заказ пришёл изначально в другой город ,ждала очень долго из за этого, продавец не общался!!!","negative","OK","2026-05-02T13:00:15.591061Z"
64,"1","2026-05-02T13:00:17.734568Z",65,1.579,"Приехал платок половина его а вторую половину себе видно оставили это ужас ","negative","OK","2026-05-02T13:00:17.734605Z"
65,"1","2026-05-02T13:00:20.858913Z",66,2.459,"Платье пришло с браком!!!! Продавец не отвечает и не вооачивает деньги!!! Ужасный продавец, заказывать у него больше никогда не буду, все очень плохо!!!!!","negative","OK","2026-05-02T13:00:20.858949Z"
66,"1","2026-05-02T13:00:22.621669Z",67,1.146,"не стоит покупать. лучше переплатить и купить норм кофту","negative","OK","2026-05-02T13:00:22.621699Z"
67,"1","2026-05-02T13:00:27.335318Z",68,4.107,"Доставка быстрая-единственный плюс.
Платье тонкое! Не на осень даже, а на лето. Таблица размеров не совсем точная, платье великовато. Карманов нет, это ""обманка"". Длина на рост 165- ниже колена. В общем я осталась недовольна, т.к. заявлено,что платье тёплое.","negative","OK","2026-05-02T13:00:27.335351Z"
68,"1","2026-05-02T13:00:29.803231Z",69,1.557,"рост туловища явно не на наших девченок) пошить очень криво","negative","OK","2026-05-02T13:00:29.803263Z"
69,"1","2026-05-02T13:00:31.514541Z",70,1.084,"заказа не получила, деньги не вернули!","negative","OK","2026-05-02T13:00:31.514566Z"
70,"1","2026-05-02T13:00:33.231848Z",71,1.194,"Велико","negative","OK","2026-05-02T13:00:33.231882Z"
71,"1","2026-05-02T13:00:36.984816Z",72,3.137,"Посылки нет уже 3 месяца.Продавец уверяла ,что в пути.Номер не отслеживался.Открыла спор.Продавец просил закрыть.Вмешалась служба алиэкспресс.Они решили вернуть мне деньги.Поэтому ни одной звезды.","negative","OK","2026-05-02T13:00:36.984850Z"
72,"1","2026-05-02T13:00:38.539054Z",73,0.866,"Заказ не прислали! Деньги не вернули!","negative","OK","2026-05-02T13:00:38.539086Z"
73,"1","2026-05-02T13:00:40.180567Z",74,0.929,"не подошел размер хотя заказывала самый большой","negative","OK","2026-05-02T13:00:40.180598Z"
74,"1","2026-05-02T13:00:42.214469Z",75,1.379,"выглядит дешево,рукава в обтяжку,а на картинке свободные,учитывая что я худее модели на фото продавца","negative","OK","2026-05-02T13:00:42.214498Z"
75,"1","2026-05-02T13:00:46.014869Z",76,3.161,"Товар так и не пришел, продавец дал левый трек который отслеживался - что его давно получили в другом городе, когда я ему написала сказал что все прийдет, но ничего так и не пришло. Обман","negative","OK","2026-05-02T13:00:46.014893Z"
76,"1","2026-05-02T13:00:47.509547Z",77,0.969,"пятно не отстирать и на самом видном месте","negative","OK","2026-05-02T13:00:47.509576Z"
77,"1","2026-05-02T13:00:50.491787Z",78,2.386,"очень не довольна!совсем не то ч
то на фото и не такая как в отзывах!увидела бы в магазине не взяла бы ни за что!","negative","OK","2026-05-02T13:00:50.491814Z"
78,"1","2026-05-02T13:00:56.596067Z",79,5.556,"Ужасное платье. Тонкая прозрачная синтетика самого низкого качества. Продавец очень долго отправлял заказ, отправил в последний день назначенного срока! Несколько раз пыталась по этой причине отменить заказ, но продавец говорил, мол, уже отправил. Качество, повторяю, ужасно, носить не буду, висит мешком. И цвет вообще не соответствует картинке.","negative","OK","2026-05-02T13:00:56.596096Z"
79,"1","2026-05-02T13:00:57.974710Z",80,0.851,"На все ногу стрела,очень не довольна ","negative","OK","2026-05-02T13:00:57.974757Z"
80,"1","2026-05-02T13:01:00.626356Z",81,2.017,"Это не платье не стоит и 200 рублей. Кружево просто обрезано не обработано, подклад ужасный пришит как то и где то-выбросить и забыть","negative","OK","2026-05-02T13:01:00.626399Z"
81,"1","2026-05-02T13:01:09.139224Z",82,7.905,"Продавец кормил завтраками и уверял, что посылка пришла. Итог: на сообщения не отвечает, трек не отлеживался изначально, деньги возвращать отказывался. Спасибо али за разумное решение спора и деньги вернут. Не заказывайте у этого продавца, он настоящий мошенник, вор и врун! ","negative","OK","2026-05-02T13:01:09.139253Z"
82,"1","2026-05-02T13:01:11.984471Z",83,2.145,"Размер брала l чтобы было свободно.В итоге все обтягивает и еще короткое для роста 170 . Не такое как на картинке","negative","OK","2026-05-02T13:01:11.984504Z"
83,"1","2026-05-02T13:01:19.767129Z",84,7.143,"НЕ СВЯЗЫВАЙТЕСЬ НАРОД С ЭТИМ +ПРОДАВЦОМ, ЭТО ПРОСТО МОШЕННИК!!!
ДЕНЬГИ СНЯЛИ, НИ НА ОДНО МОЁ СМС НЕ ОТВЕТИЛИ-ПОЛНЫЙ ИГНОР С ИХ СТОРОНЫ, СООТВЕТСТВЕННО НИКАКИХ ДЕНЕГ МНЕ НЕ ВЕРНУЛИ, А У МЕНЯ БРИЛЛИАНТОВЫЙ УРОВЕНЬ- это ускоренный возврат и обработка споров!","negative","OK","2026-05-02T13:01:19.767161Z"
84,"1","2026-05-02T13:01:22.070724Z",85,1.63,"ТОВАР ОЧЕНЬ ПОХОЖ НА КАРТИНКУ. НО СИНТЕТИКА НА 100%, И ОЧЕНЬ КОРОТКИЙ","negative","OK","2026-05-02T13:01:22.070807Z"
85,"1","2026-05-02T13:01:23.478391Z",86,10.626,"Воняет, ткань гавно, короткие","negative","TOXIC","2026-05-02T13:01:36.105601Z"
86,"1","2026-05-02T13:01:48.523626Z",87,5.607,"Пальто не довольна. Крой абсолютно не соответствует модели, поэтому она не сидит, как нужно, просто весит мешком. На фото представлен оригинальный итальянский пуховик. Воротник на пуговицах, по краям вообще не держится! Необходимо отдавать в профессиональную мастерскую, чтобы вещь доводили до ума. Не рекомендую эту модель для стройных, она не будет сидит должным образом.","negative","OK","2026-05-02T13:01:48.523656Z"
87,"1","2026-05-02T13:01:50.934831Z",88,1.769,"Я ожидала другого, качество плохое, на них оказалась дырка и я сразу их выбросила, вторые были получше.","negative","OK","2026-05-02T13:01:50.934865Z"
88,"1","2026-05-02T13:01:53.407981Z",89,1.831,"Модель интересная,но качество ожидает желать лучшего. Не стоит своих денег(на рынке китайском висят по 600 руб. И ждать не нужно.","negative","OK","2026-05-02T13:01:53.408014Z"
89,"1","2026-05-02T13:02:04.206061Z",90,10.15,"Очень красиво описываете ,но мне не подошло не по размеру я в него просто не влезла хоть и худенькая, стройная .
Отдала ребенку 12 лет и на эту костявую худышку еле натянули и не до конца.У девочке платье вечернего нет в незастегнутом состояние она решила оставить себе.Но если так и в следущий раз будет отправлю вам плохо описываете размеры и нет качество матеряла это очень плохо !!! 
 Доставка 800 рублей,писали 1166,92.
Очень давольна за быструю доставку огромное спасибо.","negative","OK","2026-05-02T13:02:04.206098Z"
90,"1","2026-05-02T13:02:06.271901Z",91,1.416,"Качество отвратительное","negative","OK","2026-05-02T13:02:06.271930Z"
91,"1","2026-05-02T13:02:08.030333Z",92,1.127,"Товар не пришел, деньги вернули только через спор","negative","OK","2026-05-02T13:02:08.030371Z"
92,"1","2026-05-02T13:02:09.406967Z",93,0.751,"шорты не пришли .","negative","OK","2026-05-02T13:02:09.407001Z"
93,"1","2026-05-02T13:02:10.840729Z",94,0.749,"Я не получила товар вообще!","negative","OK","2026-05-02T13:02:10.840767Z"
94,"1","2026-05-02T13:02:12.717580Z",95,1.322,"продавец не прислал заказ и деньги не вернули не рекомендую этого продавца","negative","OK","2026-05-02T13:02:12.717612Z"
95,"1","2026-05-02T13:02:16.014123Z",96,2.643,"тонкая ткань. пошив кошмар. впереди сборит, .короткие. еще и мега клеши ко всему!! в общем даже на дачу стыдно..)..","negative","OK","2026-05-02T13:02:16.014162Z"
96,"1","2026-05-02T13:02:19.903828Z",97,3.264,"Заказывала все согласно размеру , пришло S как на маленького ребёнка! Может М была бы как раз , а так рукав 3/4 , короткая до пупка. Хотя к меня 42-44! Незнаю деньги на ветер по поему! Короче ткань тоже подкачала швы торчат! Думала на футболку буду одевать.... ","negative","OK","2026-05-02T13:02:19.903867Z"
97,"1","2026-05-02T13:02:23.649113Z",98,2.731,"Продавец ужасный ! Футболка не пришла !!! Деньги не вернули !!! Челябинск !!!!!!! Больше не закажу у него ни чего !!!","negative","OK","2026-05-02T13:02:23.649143Z"
98,"1","2026-05-02T13:02:26.025199Z",99,1.777,"Совершенно безответно! Отправил не все что я оплатила! Деньги возвращать не хочет! Ещё раз отправить товар отказался! ","negative","OK","2026-05-02T13:02:26.025222Z"
99,"1","2026-05-02T13:02:28.290366Z",100,1.727,"Товар не пришел, деньги вернули. ","negative","OK","2026-05-02T13:02:28.290402Z"
100,"1","2026-05-02T13:02:35.859936Z",101,6.93,"Неудачно подобрана картинка в качестве описания товара! На самом деле джинсы по фасону широкие в талии и больше подойдут девушкам невысокого роста с широкими бедрами.  По составу очень добротные - преобладает хлопок, но и эластана достаточно, что бы коленки сразу не вытягивались. Цвет насыщенно черный.  Размерная сетка неточная на размер, а учитывая свободу кроя в талии и в бедрах даже на два. Я брала по размерной сетке на 44 (российский), а оказались на 48 размер. Продавцом довольна! Спасибо за Вашу работу!","negative","OK","2026-05-02T13:02:35.859968Z"
101,"1","2026-05-02T13:02:40.451081Z",102,3.93,"Трек отслеживался. На мой 48 размер- XL маловат. Мне не уютно, хочется по длинее и свободней. Кофточка хорошего качества, Рукава как раз, не короткие. После стирки не села . Состава не бв","negative","OK","2026-05-02T13:02:40.451113Z"
102,"1","2026-05-02T13:02:43.607450Z",103,2.511,"Не стоит заплаченных денег((( ткань плохая, полоска чёрная на самом видном месте","negative","OK","2026-05-02T13:02:43.607483Z"
103,"1","2026-05-02T13:02:45.919239Z",104,1.635,"Майка не отслуживалась и я Ее не получила в итоге мне вернули деньги","negative","OK","2026-05-02T13:02:45.919277Z"
104,"1","2026-05-02T13:02:48.078861Z",105,1.232,"качество очень плохое.  непонятно из чего сделано","negative","OK","2026-05-02T13:02:48.078890Z"
105,"1","2026-05-02T13:02:49.701828Z",106,0.99,"За 3 месяца ничего так и не пришло. Худший продавец!!!!","negative","OK","2026-05-02T13:02:49.701861Z"
106,"1","2026-05-02T13:02:52.441854Z",107,2.063,"Воротник криво пришит, было обидно поскольку отзывы были хорошие.","negative","OK","2026-05-02T13:02:52.441889Z"
107,"1","2026-05-02T13:02:54.140245Z",108,1.024,"Размер не подошёл , заказывала ХL, очень огромный на мой вес 50 кг","negative","OK","2026-05-02T13:02:54.140277Z"
108,"1","2026-05-02T13:03:04.942057Z",109,10.143,"сначала обрадовалась, что вроде и отзывы плохие, а продавец исправился, стал высылать епакетом. выслать то он выслал, только в другой город! долго препирались, говорил что нужно подождать! чего подождать, пока майка сама ко мне придёт?!) в общем, отзывы плохие-это походу правда","negative","OK","2026-05-02T13:03:04.942088Z"
109,"1","2026-05-02T13:03:10.842202Z",110,5.254,"Продавец выслал подделку отвратительного качества. Когда открыла спор и попросила вернуть часть денег в виде компенсации, то деньги продавец не вернул, не подал ни звука, ни сообщения. Ноль реакции. Ни в коем случае с ним нельзя работать.","negative","OK","2026-05-02T13:03:10.842225Z"
110,"1","2026-05-02T13:03:12.693679Z",111,1.318,"Ужасное качество, такое ощущение, что тряпку положили ","negative","OK","2026-05-02T13:03:12.693709Z"
111,"1","2026-05-02T13:03:16.402462Z",112,3.149,"синтетика галимая, за такие деньги можно было и из хлопка сшить. цвет намного темнее, чем должен быть","negative","OK","2026-05-02T13:03:16.402494Z"
112,"1","2026-05-02T13:03:18.601077Z",113,1.607,"Жаль, товар так и не пришёл .Но продавец сразу вернул денежку . За это ставлю 5","negative","OK","2026-05-02T13:03:18.601109Z"
113,"1","2026-05-02T13:03:20.646593Z",114,1.426,"Размер не соответствует.
На рост 168, размер 42-44 взяла М. оказалось мало. Присутствует посторонний запах.","negative","OK","2026-05-02T13:03:20.646625Z"
114,"1","2026-05-02T13:03:23.104633Z",115,1.825,"Изначально знала о плохом качестве вышивки по отзывам, но рукава просто  добили... Спор открыть не смогла фото и видео не загрузились.","negative","OK","2026-05-02T13:03:23.104664Z"
115,"1","2026-05-02T13:03:25.017923Z",116,1.284,"ворот большой кривенькая косенькая гасить не буду не советую брать эту вещь ....","negative","OK","2026-05-02T13:03:25.017956Z"
116,"1","2026-05-02T13:03:29.283803Z",117,3.649,"майка классная,но исполнение очень хромает. все розы с зацепками,сеточка на которой пришиты розы сбоку разорвалась и будет рваться дальше. я очень расстроена. такую вещь даже не оденешь,сбоку в сетке уже видна дыра и нитки распускаются.","negative","OK","2026-05-02T13:03:29.283832Z"
117,"1","2026-05-02T13:03:33.171190Z",118,3.165,"товар пришёл с браком. Продавец отказался  идти на контакт.Открыла спор. Продавца не рекомендую, лучше заказать у других","negative","OK","2026-05-02T13:03:33.171222Z"
118,"1","2026-05-02T13:03:35.786581Z",119,1.976,"Продавец очень долго не отправлял товар, открыла спор, чтобы вернули деньги. Спор закрыли, ни товара, ни денег. Продавца не советую","negative","OK","2026-05-02T13:03:35.786620Z"
119,"1","2026-05-02T13:03:39.061649Z",120,2.618,"соответствует только цвет,ткань не шифон,плотная очень, вырез горловины очень узкий,доставка быстрая.","negative","OK","2026-05-02T13:03:39.061682Z"
120,"1","2026-05-02T13:03:42.517486Z",121,2.809,"Качество ужасное. Шов от  подмышки до бедра всего 20 см при размере 2XL. На фигуру нормальных пропорций это  не надевается.   Зато пригодно для толстого карлика.
В ширину боди болтается, а в длину не натягивается. Продавец путает цвета.","negative","OK","2026-05-02T13:03:42.517513Z"
121,"1","2026-05-02T13:03:49.469791Z",122,6.325,"Товар не прислали, открыла спор , сказали вернуть им платье. Я попросила, пришлите мне его, что я верну, если его нет. Спор закрыли, потому что я не вернула платье , которое они мне не прислали. На контакт не идут, говорят своё. Деньги не возвращают и товар не присылают. Продавца ооочень не рекомендую, развод.","negative","OK","2026-05-02T13:03:49.469822Z"
122,"1","2026-05-02T13:03:52.877062Z",123,2.725,"Начиталась я отзывов,и ждала эту кофту очень сильно!Но меня огорчила эта кофта,во первых она с затяжками и на ней коричневое пятно,во вторых колючая(терпеть не могу такое) и в третьих,посылка шла очень долго!","negative","OK","2026-05-02T13:03:52.877090Z"
123,"1","2026-05-02T13:03:55.413972Z",124,1.986,"прислали грязную блузку","negative","OK","2026-05-02T13:03:55.414005Z"
124,"1","2026-05-02T13:03:57.391855Z",125,1.432,"качество отвратительное .через несколько дней пополз по швам","negative","OK","2026-05-02T13:03:57.391889Z"
125,"1","2026-05-02T13:03:59.671585Z",126,1.725,"посылка не пришла вовсе,деньги вернуть отказались,спор закрыли","negative","OK","2026-05-02T13:03:59.671623Z"
126,"1","2026-05-02T13:04:02.844213Z",127,2.531,"Вообще не понравился, во первых отличается
 от картинки и цвет и фасон и качество,швы очень толстые,поэтому на плечах и по бокам
 топорщится, в общем только в деревне носить, где тебя ни кто не видит. PS всем,кто больше 42 не рекомендую брать)увеличивает настолько фигуру, ужас","negative","OK","2026-05-02T13:04:02.844244Z"
127,"1","2026-05-02T13:04:07.528909Z",128,4.061,"Заказ шел больше месяца с платной доставкой СДЕК. Сначала уточнили адрес, потом перезвонили и сказали, что только в пункте выдачи можно получить! Ближайший пункт оказался гораздо дальше почты, что меня не устраивает совсем. Теперь о самой кофте... Качество ужасное! Сестра заказывала точно такую же, но качество в разы лучше. Эта же блестящая голимая синтетика. Цвет совпадает с картинкой и это наверно единственный плюс.","negative","OK","2026-05-02T13:04:07.528940Z"
128,"1","2026-05-02T13:04:09.433547Z",129,1.277,"товар не пришел.продавец просил ждать бесконечно. деньги вернули при помощи али.","negative","OK","2026-05-02T13:04:09.433580Z"
129,"1","2026-05-02T13:04:10.999576Z",130,0.894,"Не пришло.","negative","OK","2026-05-02T13:04:10.999612Z"
130,"1","2026-05-02T13:04:13.346707Z",131,1.721,"Продавцом не довольна.Товар не пришел,деньги вернули.Ждала 50 дней,но продавец лишь увеличивал дни доставки.На открытие спора по истечении 50дней отреагировал негативно.Не советую!","negative","OK","2026-05-02T13:04:13.346753Z"
131,"1","2026-05-02T13:04:15.547958Z",132,1.564,"Не очень довольна покупкой. Сидит на мне она плохо, выкройка рукавов сделана не точно-начало рукава не под мышкой, а ниже сантиметров на 5,в связи с этим скованность движений рук в этой блузке. На 50-52 размер заказала XXXL.","negative","OK","2026-05-02T13:04:15.547991Z"
132,"1","2026-05-02T13:04:17.104981Z",133,0.899,"Выбирала резинки peanut, пришли другие. я не довольна.","negative","OK","2026-05-02T13:04:17.105008Z"
133,"1","2026-05-02T13:04:18.832833Z",134,1.185,"не пришел пакет. Потерянное время.. вернул деньги только при открытии спора.","negative","OK","2026-05-02T13:04:18.832875Z"
134,"1","2026-05-02T13:04:20.564567Z",135,1.117,"Очень огорчило...заказали размер L а привезли  XL очень обидно ","negative","OK","2026-05-02T13:04:20.564596Z"
135,"1","2026-05-02T13:04:23.992147Z",136,2.811,"Заказ пришёл быстро. Качество кошмарное:ткань очень дешёвая,сшито безобразно, где-то не прошито,где-то перетянуто, кнопка с дефектом,размер S я думаю подойдет девушкам которые носят L...Открыла спор,заказом не довольна. Не рекомендую. ","negative","OK","2026-05-02T13:04:23.992180Z"
136,"1","2026-05-02T13:04:28.829640Z",137,4.196,"Доставка отвратительная, шло полтора месяца, продавец не может дать вразумительные ответы на то, где моя вещь, но сама жилетка пойдет, мех лезет, внизу шкурки очень плохие ","negative","OK","2026-05-02T13:04:28.829667Z"
137,"1","2026-05-02T13:04:38.016275Z",138,8.567,"вообще не соответствует заявленому фото! во первых горловина-ее нет на модели!и  как по мне она портит свитерочек. во вторых -вязка! посмотрите на модели она легкая,почти просвечивает,а на деле плотная вязка,объемная я сказала бы. Вообще свитерок планировала летом носить,так как по заявленому фото он кажется легким,а на деле жаркий.Продавец охотно стал общаться со мной когда я  открыла спор 17.08,сегодня 04.09,возврата денежных средств так и не поступило. Что это?обман? не советую свитер. Он не соответствует заявленному фото. Разницу я думаю вы и сами видете.  Подкачал конечно заказ,впервые за столько лет заказов я столкнулась с таким..","negative","OK","2026-05-02T13:04:38.016300Z"
138,"1","2026-05-02T13:04:58.997112Z",139,20.391,"Пуховик захотела сразу. Модель очень понравилась. Долго разбиралась с размером, общалась с продавцом. Продавец отвечал наобум, до последнего сомневалась. У меня объем груди 105, объем бедер 116 если мерить правильно по выпуклым точкам, а не просто охватить сантиметром вокруг бедер. Сомневалась между 48 и 50 размером. В жизни ношу 46-48 российский. Продавец советовал 52!!!!! Хорошо что не послушала. На указанные объемы пуховик сел очень хорошо. Длина при росте 173 чуть ниже колена. НО!!!!! имейте в виду что модель внизу широкая, очень свободно в бедрах. Продавец позиционирует пуховик для температуры -20. Не верьте!!!!! Ему -10 максимум. Мне пришел товар с браком!!!! В плечах рукава ""пустые"". Одела при температуре -2, руки замёрзли хотя под пуховиком была флиска!!!! Капюшон тоже неудобный, слишком широкий, для ветренной погоды не годится!! Объявила спор. Али отказали в компенсации. Имейте в виду проблемы данной модели. Продавец отвратительный!!! больше никогда к нему не обращусь!!!!","negative","OK","2026-05-02T13:04:58.997143Z"
139,"1","2026-05-02T13:05:01.280205Z",140,1.406,"Расстроена что присылают такое ","negative","OK","2026-05-02T13:05:01.280241Z"
140,"1","2026-05-02T13:05:04.332362Z",141,2.452,"ткань очень тонкая, страшно одеть, вдруг разойдется, не тратьте деньги, лучше купить чуть дороже в магазине чем выкидывать 700р на ветер.На улицу в таком костюме точно не выйдешь","negative","OK","2026-05-02T13:05:04.332392Z"
141,"1","2026-05-02T13:05:05.804943Z",142,0.85,"Качество не хорошее","negative","OK","2026-05-02T13:05:05.804970Z"
142,"1","2026-05-02T13:05:08.143973Z",143,1.723,"Брал рубашку для мамы, размер выбирал xxxxxl(5xl), пришла рубашка размера xs. Даже жене моей малая, она носит 42 размер.","negative","OK","2026-05-02T13:05:08.144009Z"
143,"1","2026-05-02T13:05:10.215199Z",144,1.451,"Так и не дождалась заказа...Через 2 месяца ожидания открыла спор на полный возврат денежных средств...","negative","OK","2026-05-02T13:05:10.215229Z"
144,"1","2026-05-02T13:05:55.723010Z",145,44.747,"Посылку ждала , но так и не дождалась. Из заявленных 14 дней прождала 35...В итоге открыла спор и благодаря помощи Алиэкспресс продавец вернул мне деньги, хотя изначально не хотел их возвращать. Больше заказывать у него никогда не буду!!!   ПШЛНХ узколазые!!!!!","negative","TOXIC","2026-05-02T13:05:55.723063Z"
145,"1","2026-05-02T13:05:58.225584Z",146,1.823,"фасон и цвет не соотвецтвуют   это очень плохо
плохой продавец","negative","OK","2026-05-02T13:05:58.225617Z"
146,"1","2026-05-02T13:06:01.579582Z",147,2.693,"Размер отправили не тот. Деньги отказались возвращать!!! Рейтинг говорит сам за себя. НЕ ПОКУПАЙТЕ НИЧЕГО У ЭТОГО ПРОДАВЦА","negative","OK","2026-05-02T13:06:01.579615Z"
147,"1","2026-05-02T13:06:16.586766Z",148,14.347,"К сожалению, свой заказ я так и не получила. Доставка СДЭК постоянно морочила голову, постоянно переносила сроки доставки, и в итоге, пока я ждала курьеров, которые так и не приехали, прошел срок подтверждения заказа. Получилось, что я и без денег осталась, и без джинсов. Не знаю, что случилось, возможно служба СДЭК просто потеряла мой заказ, потому что кормили меня ""завтраками"" больше трех недель и в итоге так ничего и не доставили. Я бы посоветовала продавцу найти другую, более ответственную службу доставки. Очень обидно, что так получилось. Больше в этом магазине заказывать ничего не буду.","negative","OK","2026-05-02T13:06:16.586802Z"
148,"1","2026-05-02T13:06:18.480828Z",149,1.256,"Продавец общительный, но товар не пришёл, деньги вернули","negative","OK","2026-05-02T13:06:18.480849Z"
149,"1","2026-05-02T13:06:20.034085Z",150,1.005,"Товар не пришел , продавец без проблем вернул деньги","negative","OK","2026-05-02T13:06:20.034117Z"
150,"1","2026-05-02T13:06:52.327060Z",151,31.735,"Продавец - мошенник. Дает чужие трек-номера. The seller lies and gives other people's tracking numbers. Не связывайтесь с ним, не покупайте товары со скидкой за монеты! Это обман! I had very bad experience with this shop! Choose other seller if you don't want problems!","negative","OK","2026-05-02T13:06:52.327101Z"
151,"1","2026-05-02T13:06:55.215313Z",152,2.159,"Заказ спустя 2 месяца так и не пришел. По отслеживанию он только успел вылететь из Китая. Я очень ждала это платье. Больше всего, что не понравилось, это то, что заказ закрыли без моего ведома; ни спор открыть, ни деньги вернуть. очень расстроилась((((","negative","OK","2026-05-02T13:06:55.215342Z"
152,"1","2026-05-02T13:07:09.904451Z",153,14.0,"очень долгая доставка. торчат нитки, неприятный запах. на правом плече дырка","negative","OK","2026-05-02T13:07:09.904494Z"
153,"1","2026-05-02T13:07:23.602295Z",154,13.046,"ЦВЕТ ЗАКАЗЫВАЛА РОЗОВЫЙ,НО ОН НЕ РОЗОВЫЙ А НА БЕЛЫЙ ЦВЕТ.И ДЫРОЧКА НА СЗАДИ.ФАБРИЧНЫЙ БРАК.","negative","OK","2026-05-02T13:07:23.602334Z"
154,"1","2026-05-02T13:07:25.434502Z",155,1.164,"не денег не товара, лето прошло а я так и не дождалась заказа.","negative","OK","2026-05-02T13:07:25.434538Z"
155,"1","2026-05-02T13:07:26.790560Z",156,0.76,"Так и не пришли ","negative","OK","2026-05-02T13:07:26.790591Z"
156,"1","2026-05-02T13:07:29.797125Z",157,2.43,"заказала платье белого цвета,пришел вообще какой-то ужас,в три размера больше ожидаемого, расцветка ужасная вообще не та модель.. Очень расстроена!!! Ждала около двух месяцев и разочаровалась.","negative","OK","2026-05-02T13:07:29.797154Z"
157,"1","2026-05-02T13:07:31.719144Z",158,1.211,"Заказ не был получен. Деньги так же не были возвращены.","negative","OK","2026-05-02T13:07:31.719196Z"
158,"1","2026-05-02T13:07:39.995041Z",159,7.644,"Китайцы !!! Такие уроды !!!! В последнее время офигели совсем !!!  Ничего не высылают , хамят в смс и деньги не отправляют ","negative","TOXIC","2026-05-02T13:07:39.995088Z"
159,"1","2026-05-02T13:07:42.031785Z",160,1.366,"отсутствует меховой воротник.наверно забыли положить","negative","OK","2026-05-02T13:07:42.031839Z"
160,"1","2026-05-02T13:07:43.654416Z",161,1.002,"товар заказывала в июле уже декабрь товар не пришел","negative","OK","2026-05-02T13:07:43.654444Z"
161,"1","2026-05-02T13:07:46.916397Z",162,2.683,"Начнем с того, что они пришли черные, а не синте как я заказывала, плюс полное отсутствие обещанного «теплого бархата» и я отдала 960р за лосины которые могла бы приобрести ну руб за 500 максимум...","negative","OK","2026-05-02T13:07:46.916441Z"
162,"1","2026-05-02T13:07:49.997103Z",163,2.389,"Посылка не пришла спустя даже 4,5месяца. На Сообщения продавец отвечал только одно - ждите, бывает идёт долго или быстро, ждите. Не дождалась. Заказывала к началу лета. Спасибо.","negative","OK","2026-05-02T13:07:49.997158Z"
163,"1","2026-05-02T13:07:51.689137Z",164,1.087,"Кофту неудобно носить, все время подпрыгивает вверх","negative","OK","2026-05-02T13:07:51.689169Z"
164,"1","2026-05-02T13:07:55.204894Z",165,2.904,"Товар не пришёл. Заказала в конце мая,так и не дождалась. Продавец просил закрыть спор,ссылаясь на то,что они скоро отправят товар. Но,к сожалению,так и не пришёл. Деньги вернули. ","negative","OK","2026-05-02T13:07:55.204926Z"
165,"1","2026-05-02T13:07:58.086584Z",166,6.129,"штаны пришли бракованные, продавец деньги не вернул. выкройка не правильная, в районе карманов лишняя ткань см.3 с обоих сторон. не берите. качество тоже хрень, внутри мех пришит криво, стягивает так, что ногу не согнуть. короче  говно","negative","TOXIC","2026-05-02T13:08:04.897108Z"
166,"1","2026-05-02T13:08:14.263222Z",167,2.363,"Шорты пришли большие , хотя заказывала размер S, не довольна!!","negative","OK","2026-05-02T13:08:14.263255Z"
167,"1","2026-05-02T13:08:16.059974Z",168,1.153,"шорты не дошли до адреса, товар неотслеживался, вобщем магазином остался не доволен","negative","OK","2026-05-02T13:08:16.060005Z"
168,"1","2026-05-02T13:08:21.596176Z",169,4.881,"Бюстгальтера я так и не увидела, посылка не дошла. Открыла спор и написала не нужно возвращать деньги просто пришлите еще раз мой заказаный товар. Продавец просто проигнорировал мое сообщение и молча закрыл спор. Разочарована и конечно же не рекомендую","negative","OK","2026-05-02T13:08:21.596210Z"
169,"1","2026-05-02T13:08:25.436181Z",170,3.187,"Отвратительное качество. Пайетки осыпаются, бока тянут, проплешина, нитки торчат и плюс ко всему через всю пятую точку полоса. Буду открывать спор.","negative","OK","2026-05-02T13:08:25.436215Z"
170,"1","2026-05-02T13:08:31.729452Z",171,5.67,"Ждала почти 90 дней,  так и не пришли,  продавец кормил обещание  трек отправил другой,  по треку человек другой получил,  в другом городе,  с другой фамилией.... Узнала на почте России... Как открыла спор деньги вернул....","negative","OK","2026-05-02T13:08:31.729482Z"
171,"1","2026-05-02T13:08:43.537254Z",172,11.157,"Заказывала платье к новогодней фотосессии. Переплатила за более быструю доставку, написала продавцу просьбу отправить побыстрее, чтобы успеть к срокам. Продавец якобы пошёл на встречу. При этом якобы отправил товар в последний день защиты через 10 дней). Указал трек, который не отслеживался, ещё через 10 дней я открыла спор, и чудесным образом трек «заработал» и по нему стало понятно, что прод отправил его только после открытия спора!!!!! До этого кормил обещаниями или смахивал все на непонимание и плохой английский. Конечно же, платье шло очень долго (не смотря на платную доставку). Ужасный запах, дыра на рукаве! Спасибо, али, вернули деньги! Продавец отстой! Хуже нет ","negative","OK","2026-05-02T13:08:43.537285Z"
172,"1","2026-05-02T13:08:45.466432Z",173,1.251,"Товар не отправлен деньги верну ли не все! Развод какой-то ","negative","OK","2026-05-02T13:08:45.466488Z"
173,"1","2026-05-02T13:08:49.557017Z",174,3.201,"Рубашка на один раз. После первого раза обнаружила такие дырки на швах и на петле для пуговиц. Зашить это невозможно. Я очень расстроена. А ещё пуговицы к воротнику пришиты, и его не отстегнуть, смотрится не очень.","negative","OK","2026-05-02T13:08:49.557047Z"
174,"1","2026-05-02T13:08:51.052543Z",175,0.903,"не считая того что по бокам зашила сама","negative","OK","2026-05-02T13:08:51.052590Z"
175,"1","2026-05-02T13:08:53.040164Z",176,1.399,"Мне не повезло, куртка плохо прокрашена, причём только спереди. Продавец на контакт не шёл, Али деньги не вернуло. ","negative","OK","2026-05-02T13:08:53.040197Z"
176,"1","2026-05-02T13:08:58.367826Z",177,4.304,"что я могла конечно ожидать за 400р , я догадывалась , но не на столько , мне пришла толстовка из марлевой ткани , с
 кривыми швами везде , не советую брать","negative","OK","2026-05-02T13:08:58.367865Z"
177,"1","2026-05-02T13:09:00.042222Z",178,1.007,"Очень короткие рукова,жмет в груди и ужасно пахнет(","negative","OK","2026-05-02T13:09:00.042254Z"
178,"1","2026-05-02T13:09:01.599460Z",179,0.912,"Не пришло платье, очень расстроилась, ждала его 3 месяца :(","negative","OK","2026-05-02T13:09:01.599495Z"
179,"1","2026-05-02T13:09:03.134142Z",180,0.89,"товар так и не получен... ужасный продавец. ни клму его не рекомендую","negative","OK","2026-05-02T13:09:03.134179Z"
180,"1","2026-05-02T13:09:09.275807Z",181,5.507,"товар не соответствует картинке..и качество ужасное. очень тонкий материал..все просвечивается и очень короткое..на этикетке написано рост 165..но на мой 160 еле прикрывает попу...в таком ходить дома не получится,тоже самое что голой ходить. я запросила возврат покупки 250 р. алиэкспресс вернул за несоответсвие товара действительности. может другие модели поплотнее ткань. но мне явно не повезло. а я так ждала эту посылку:((((","negative","OK","2026-05-02T13:09:09.275845Z"
181,"1","2026-05-02T13:09:10.877120Z",182,0.985,"Синтетика. Огромный размер ","negative","OK","2026-05-02T13:09:10.877153Z"
182,"1","2026-05-02T13:09:15.400455Z",183,3.922,"Трусы шили 3 разных человека. Сшивал части слепой. Одна часть-швы наружу, как изнанка, вторая часть швы вовнутрь, третья опять наружу. Какой стороной носить-решайте сами. Одна или 2 стороны в любом случае будут изнаночные. Еле еле добилась возврата средств!","negative","OK","2026-05-02T13:09:15.400487Z"
183,"1","2026-05-02T13:09:18.340900Z",184,2.309,"Не получила! Куртка из Китая даже не вышла, продавец кормила лапшой, я хавала((( сроки шли спор не открыла вовремя.  Ни куртки,  ни денег.","negative","OK","2026-05-02T13:09:18.340929Z"
184,"1","2026-05-02T13:09:20.840861Z",185,1.78,"качество не очень, естб затяжки! плюс размер не по сетке, М слишком большая оказалась! к телу не очень приятно! носить наверное не буду! большемерит","negative","OK","2026-05-02T13:09:20.840883Z"
185,"1","2026-05-02T13:09:22.186226Z",186,0.79,"It had come damaged.","negative","OK","2026-05-02T13:09:22.186260Z"
186,"1","2026-05-02T13:09:37.346958Z",187,2.373,"Качество отвратительное! После часовой тренировки материал скатался от тренажера. Не берите этот ширпотреб.","negative","OK","2026-05-02T13:09:37.346989Z"
187,"1","2026-05-02T13:09:39.097328Z",188,1.095,"очень плохая губка, совсем не держит волосы . нету гибкости.","negative","OK","2026-05-02T13:09:39.097360Z"
188,"1","2026-05-02T13:09:40.483279Z",189,0.739,"материал отвратительный","negative","OK","2026-05-02T13:09:40.483312Z"
189,"1","2026-05-02T13:09:45.506998Z",190,4.406,"Вещь на фото и в реальности- разные вещи. Фасон, цвет- да. Но детали, качество шерсти, объем вязки- совершенно иные. Смотрится дешево. Цветок выглядит на кофте  в реальности недоразумением, т.к. он гораздо меньше и выполнен менее качественно, чем на фото.  Жесткий, колючий, горловина в действительности узкая, резинка на поясе очень узкая, не тянется, реальный размер 44.  Вдоль швов торчат нити, выполнено неаккуратно.","negative","OK","2026-05-02T13:09:45.507030Z"
190,"1","2026-05-02T13:09:47.863640Z",191,1.692,"Тонкая синтетика, телу не приятна(( принт целый, но не тот который заказала... Заказала по размеру, а мне оно большое((((((","negative","OK","2026-05-02T13:09:47.863672Z"
191,"1","2026-05-02T13:09:50.582136Z",192,2.069,"Материал хороший покрой не правильный ходить не возможно нет шага деньги потрачены зря штаны выбросила НЕ БЕРИТЕ не советую продавец не отвечает","negative","OK","2026-05-02T13:09:50.582172Z"
192,"1","2026-05-02T13:09:57.420724Z",193,6.284,"Очень долго шло, продавец продлевал защиту, большие проблемы с получением. Свитер на 44-46 впритык, нитки везде торчат, какой-то несуразный, рукава узкие, ворот распорот, вонь несусветная из пакета и от изделия. Продавец вместе с подарком положил какую-то отвратительно вонючую отдушку, даже комнату проветривала. Сам тонюсенький, смотрится дешево, красная цена 200 рублей. Не рекомендую!","negative","OK","2026-05-02T13:09:57.420766Z"
193,"1","2026-05-02T13:09:59.033057Z",194,1.035,"не пришли. возврат денег при вмешательстве али только","negative","OK","2026-05-02T13:09:59.033082Z"
194,"1","2026-05-02T13:10:00.315111Z",195,0.739,"Товар не получила.","negative","OK","2026-05-02T13:10:00.315138Z"
195,"1","2026-05-02T13:10:01.937444Z",196,1.068,"Вместо шорт пришла какая-то фигня, ещё и три месяца была в пути","negative","OK","2026-05-02T13:10:01.937483Z"
196,"1","2026-05-02T13:10:03.752931Z",197,1.227,"Открыли спор - кофта не пришла. И итоге деньги продавец не вернул.","negative","OK","2026-05-02T13:10:03.752988Z"
197,"1","2026-05-02T13:10:05.456849Z",198,1.03,"за 3 месяца продавец так и не отправил товар, и не ответил ни на одно сообщение....","negative","OK","2026-05-02T13:10:05.456872Z"
198,"1","2026-05-02T13:10:07.702459Z",199,1.696,"На фото выглядит теплой на самом деле обычная кофта .","negative","OK","2026-05-02T13:10:07.702500Z"
199,"1","2026-05-02T13:10:11.300836Z",200,2.874,"Товар что вы мне прислали совсем не похож на оригинал. Короче просто подарила магазину 360 руб","negative","OK","2026-05-02T13:10:11.300869Z"
200,"1","2026-05-02T13:10:13.077343Z",201,1.106,"Дырки на рукаве, в остальном очень мягкая и приятна","negative","OK","2026-05-02T13:10:13.077374Z"
201,"1","2026-05-02T13:10:14.804480Z",202,0.915,"Товар так и не пришёл, спор не открывала. С продавцом не общалась.","negative","OK","2026-05-02T13:10:14.804512Z"
202,"1","2026-05-02T13:10:16.105394Z",203,0.727,"товар не пришел (","negative","OK","2026-05-02T13:10:16.105429Z"
203,"1","2026-05-02T13:10:17.708644Z",204,1.0,"Так и не доставлен товар! Заказывала в мае!!!","negative","OK","2026-05-02T13:10:17.708675Z"
204,"1","2026-05-02T13:10:20.658641Z",205,2.336,"Товар так и не пришёл, продавец просил подождать, я ждала но когда осталось 20 дней до конца защиты заказа , то я попросила вернуть мне деньги! Этого не произошло, заказ так и не поступил! И деньги не вернули! Не доверяйте! Вас тоже обманут","negative","OK","2026-05-02T13:10:20.658672Z"
205,"1","2026-05-02T13:10:25.327319Z",206,4.09,"Это не платье, а скорее удлиненный свитер. Даже в качестве туники коротковат - сзади чуть прикрывает попу, но если чуть наклониться,  то она будет видна. Только для домашней носки с леггинсами, но считаю, что 890 руб. оно не стоит. Швы на плечах сделаны грубо и топорщатся, увеличивая плечи визуально. Ткань вроде бы приятная на ощуп, но если надеть на голое тело без майки, через 5 минут начинает колоться и чесаться (((","negative","OK","2026-05-02T13:10:25.327361Z"
206,"1","2026-05-02T13:10:29.877628Z",207,3.888,"I haven't received the order. The seller doesn't contact","negative","OK","2026-05-02T13:10:29.877670Z"
207,"1","2026-05-02T13:10:35.720090Z",208,5.134,"не пришло!!!! возмущение без границ!!!! открыв спор обвинили,в лжи!!! отвратительно!!! денежные средства не вернули!!!","negative","OK","2026-05-02T13:10:35.720121Z"
208,"1","2026-05-02T13:10:40.026050Z",209,3.74,"это не норка, а какой-то, непонятно чей, очень сильно крашеный мех в черный цвет, присутствует запах, сильно лезит, сиденье в машине всё в шерсти, рукава широковаты по длине всё норм на параметры 93- 83 -106см 170 рост размер L сел хорошо, но у меня плечи узкие... хотя размер xl тоже бы подошёл. доставка курьером, брала за 17200","negative","OK","2026-05-02T13:10:40.026081Z"
209,"1","2026-05-02T13:10:42.090693Z",210,1.153,"тонкий трикотаж,не стоит этих денег....у нас  есть магазины ""всё по 250"" - так там можно лучшее купить...","negative","OK","2026-05-02T13:10:42.090727Z"
210,"1","2026-05-02T13:10:46.697681Z",211,4.011,"Не пришел товар, деньги не вернули. Открыла спор, продавец ответит что-то типа ""да да,спасибо за понимание"". Товара нет, денег нет. Не советую,не рискуйте.","negative","OK","2026-05-02T13:10:46.697715Z"
211,"1","2026-05-02T13:10:49.841251Z",212,2.45,"заказ так и не пришёл.  продавец постоянно просил подождать ещё.  не дождалась. оказалось, что товар даже не был отправлен.  открыла спор, вернули деньги.","negative","OK","2026-05-02T13:10:49.841296Z"
212,"1","2026-05-02T13:10:53.985354Z",213,3.484,"Я разочарована, у продавца не верная таблица размеров, обратите на это внимание. На грудь 88 у продавца стоит размер L, что я и заказала, оказалось на 10 см широко в груди. Открыла спор, но денег не вернули","negative","OK","2026-05-02T13:10:53.985383Z"
213,"1","2026-05-02T13:10:57.167794Z",214,2.498,"Вообще не получила свой заказ. Прождала более 60 дней. Посылка так и не пришла. Продавец предложил заказать еще раз (!!!), Трек не отслеживался с самого начала. Очень жаль... так хотелось эти резинки.","negative","OK","2026-05-02T13:10:57.167827Z"
214,"1","2026-05-02T13:10:59.173946Z",215,1.336,"заказывала L на свой 48. оказалось очень мало. еле надела. очень тонкая. как марля. не советую","negative","OK","2026-05-02T13:10:59.173984Z"
215,"1","2026-05-02T13:11:01.302956Z",216,1.452,"Платье так и не пришло,деньги вернули.","negative","OK","2026-05-02T13:11:01.302989Z"
216,"1","2026-05-02T13:11:04.083439Z",217,2.115,"Ужасное качество заказала специально больше на размер, дак не скрывает даже живот. Открыла спор и его закрыли не вернув за товар деньги! ","negative","OK","2026-05-02T13:11:04.083478Z"
217,"1","2026-05-02T13:11:41.122674Z",218,36.356,"C'est des gros menteur il n'ont jamais envoyé la commande et quand j'ai dit pour le remboursement il sont dit sais pas possible","negative","SPAM","2026-05-02T13:11:41.122730Z"
218,"1","2026-05-02T13:11:44.645765Z",219,2.812,"Очень сильно красят кожу. Вымачивание в уксусе не помогло","negative","OK","2026-05-02T13:11:44.645797Z"
219,"1","2026-05-02T13:11:46.779048Z",220,1.435,"все прекрасно,кофтой давольна,подошла по размеру,качество отличное. Быстрая доставка,спасибо продавцу. Рекомендую","negative","OK","2026-05-02T13:11:46.779081Z"
220,"1","2026-05-02T13:11:48.715368Z",221,1.285,"Товар не пришел, продавец обманул. Возвращать деньги и высылать новый отказался.
Не советую.","negative","OK","2026-05-02T13:11:48.715398Z"
221,"1","2026-05-02T13:11:52.563014Z",222,3.193,"Качество не очень, низ не подшит, смотрится  стремно. Кроме того торчат нитки, швы какие то перекрученные, даже дрессировка не спасает. Зоя купила, думай теперь что делать с ней, как подшивать и т.д.","negative","OK","2026-05-02T13:11:52.563046Z"
222,"1","2026-05-02T13:11:54.576815Z",223,1.346,"Заказывала красный халат,  прислали фиолетовый!!!!  Халат не очень длинный,  чуть ниже колена,  товаром не довольна!","negative","OK","2026-05-02T13:11:54.576853Z"
223,"1","2026-05-02T13:11:56.786335Z",224,1.566,"Заказывали зеленого цвета, а пришел черного. Очень плохо господин продавец. Может в этом магазине работают дальтоники?","negative","OK","2026-05-02T13:11:56.786377Z"
224,"1","2026-05-02T13:11:58.308449Z",225,0.905,"Товар не пришёл, ждала больше 3х месяцев. Деньги вернули с помощью Ali.","negative","OK","2026-05-02T13:11:58.308486Z"
225,"1","2026-05-02T13:12:00.455898Z",226,1.514,"Вобщем лучше не заказывайте, ибо все плохо. Везде дыры швы не дошиты. И еще размер не тот прислали. Еще доставка 2 мес","negative","OK","2026-05-02T13:12:00.455954Z"
226,"1","2026-05-02T13:12:02.461317Z",227,1.377,"Пришли бракованные, с широкой полоской по длине, сами короткие, постоянно задираются. На ощупь мягкие, но качество подкачало(((","negative","OK","2026-05-02T13:12:02.461356Z"
227,"1","2026-05-02T13:12:04.428934Z",228,1.306,"Качество так себе. Пятна на подкладке. Швы кривые. Пуза мало. Не советую","negative","OK","2026-05-02T13:12:04.428968Z"
228,"1","2026-05-02T13:12:08.315257Z",229,3.12,"заказывала ранее такие же лосины черного цвета у этого же продавца в размере L подошли идеально. На этот раз пришел размер XL который мне очень мал! и цвет не соответствует описанию - вместо бежевого пришел золотой! ужасно! спор не смогла открыть потому что после оплаты нечаянно нажала подтвердить получение.","negative","OK","2026-05-02T13:12:08.315434Z"
229,"1","2026-05-02T13:12:09.981683Z",230,0.956,"ужасное качество даже для 200р","negative","OK","2026-05-02T13:12:09.981729Z"
230,"1","2026-05-02T13:12:12.564727Z",231,1.955,"Ужасно просто!майка пришла с дыркой.ее неинадеть даже и не выйти на улицу!очень разочаровалась!продавец сказал вернёт деньги,но обманул меня и тянет со временем!не заказывайте!","negative","OK","2026-05-02T13:12:12.564768Z"
231,"1","2026-05-02T13:12:14.033852Z",232,0.883,"не советую брать,сразу стали рваться,ужасные резинки","negative","OK","2026-05-02T13:12:14.033878Z"
232,"1","2026-05-02T13:12:15.668297Z",233,1.01,"как получила,померила и сразу выбросила,что я хотела за эти деньги?!?","negative","OK","2026-05-02T13:12:15.668320Z"
233,"1","2026-05-02T13:12:18.817075Z",234,2.566,"Товар не пришёл. Продавец отказывается возвращать деньги.  The goods did not come. The seller refuses to return the money.","negative","OK","2026-05-02T13:12:18.817106Z"
234,"1","2026-05-02T13:12:22.188259Z",235,2.68,"Размер указанный в описании не соответствует: размеру 2XXL -по обхвату груди заявлен 125 см,по факту 110 см.Диалог с продавцом не получился.Нахамил.В итоге  испорченные нервы и настроение.Будьте внимательны при заказе,Доставка тоже оказалась платной.","negative","OK","2026-05-02T13:12:22.188289Z"
235,"1","2026-05-02T13:12:24.625973Z",236,1.836,"Ничего не пришло. Пыталась открыть спор, так ничего и не вышло. Отправили посылку не сразу, трек не отслеживается. Хорошо хоть не много денег стоит, не рекомендую связываться.","negative","OK","2026-05-02T13:12:24.626002Z"
236,"1","2026-05-02T13:12:26.242256Z",237,0.859,"товар так и не пришел, трек не отслеживался","negative","OK","2026-05-02T13:12:26.242305Z"
237,"1","2026-05-02T13:12:27.636171Z",238,0.801,"Товар шёл 4 месяца. Подали на спор. Ждём свои потраченные деньги за товар.","negative","OK","2026-05-02T13:12:27.636203Z"
238,"1","2026-05-02T13:12:29.457877Z",239,1.236,"К сожалению, товар так и не получила, но продавец оказался общительным и сразу вернул деньги","negative","OK","2026-05-02T13:12:29.457914Z"
239,"1","2026-05-02T13:12:30.858920Z",240,0.75,"заказала 24.11, пришла 16.01...еще и маломерка","negative","OK","2026-05-02T13:12:30.858959Z"
240,"1","2026-05-02T13:12:39.996505Z",241,8.52,"Возврат через Спор. Люблю эту марку, несколько рубашек уже куплено у других Продавцов, но этот товарищ вообще не вывез. 5XL превратились в XL, заказанного цвета внезапно не оказалось в наличии, запросил смену расцветки, вся эта лабуда со смайликами и ""я приказал складу напрячься для вашего заказа"", и - вишенка! - вторая замена расцветки. Заказ отменила, но Продавец не только не подтвердил это действие (""укажите в причинах ДРУГОЕ, а не ОТСУТСТВУЕТ ЗАКАЗАННОЕ""), но ещё и ОТПРАВИЛ посылку, что было видно на сайте отслеживания. Посылка была отправлена  ДО того, как диалог скатился до состояния ""калоприемник переполнен"", на два дня раньше. Фу так делать, Dioufond Official Store!","negative","OK","2026-05-02T13:12:39.996540Z"
241,"1","2026-05-02T13:12:41.707975Z",242,1.061,"тянется как кишка во все стороны, брак в виде отверстий","negative","OK","2026-05-02T13:12:41.708011Z"
242,"1","2026-05-02T13:12:43.659465Z",243,1.252,"Кофта не очень хорошего качества, при вскрытие пакета вышел запах дешёвого Китая, края низа кофты не обработаны","negative","OK","2026-05-02T13:12:43.659506Z"
243,"1","2026-05-02T13:12:45.169237Z",244,0.881,"очень долго шёл заказ и вообще  он не того качества как описано","negative","OK","2026-05-02T13:12:45.169269Z"
244,"1","2026-05-02T13:12:48.167026Z",245,2.39,"куртка пришла быстро,с фотографией совпадает только цвет,на фото видно что внутри подкладка и швы закрыты кантом, в реальном изделии забыли пришить подкладку, прислали половину куртки! она очень широкая, карманы в боковых швах очень неудобно! халтура! не верьте фотографии на модели!!!","negative","OK","2026-05-02T13:12:48.167058Z"
245,"1","2026-05-02T13:12:52.643881Z",246,3.789,"Штаны идеально подошли по размеру. Кофта короткая, никак не на рост 165 см., как было указано в таблице размеров, у меня рост 160см.,на рукаве поперечный шов, из-за которого рукав в ширину вообще не тянется. Т.е. кофта на выброс. До этого заказывала такую же пижаму в другом магазине, это же размер, все подошло идеально. Я высылаю фото, на котором видно и шов и длину кофты, сравните с длиной показанной вами на картинке.","negative","OK","2026-05-02T13:12:52.643911Z"
246,"1","2026-05-02T13:12:54.457387Z",247,0.919,"Размер совершенно не соответствует, XL-на 44 российский! Застежка оторвана,...","negative","OK","2026-05-02T13:12:54.457421Z"
247,"1","2026-05-02T13:12:56.279418Z",248,1.217,"упаковано хорошо и пришло довольно быстро , НО ....ужасный материал ,нитки торчат ,рукава короткие .Недовольна покупкой!!","negative","OK","2026-05-02T13:12:56.279460Z"
248,"1","2026-05-02T13:12:57.833133Z",249,0.932,"заказ не пришёл и не отслеживается.","negative","OK","2026-05-02T13:12:57.833171Z"
249,"1","2026-05-02T13:13:00.568232Z",250,2.086,"заказ делала 13.10. пришло за месяц в Ростовскую обл. Очень внимательно читала отзывы, сравнивала и сопоставляла и в итоге - не угадала. заказывала 27 , мои параметры об 98 от 67, мало!! Нужно было заказывать 28 или даже 29. Длинна подходит хорошо.","negative","OK","2026-05-02T13:13:00.568257Z"
250,"1","2026-05-02T13:13:02.199915Z",251,0.961,"заказ не отслеживался, и так и не пришел. может конечно вина службы доставки","negative","OK","2026-05-02T13:13:02.199946Z"
251,"1","2026-05-02T13:13:09.002045Z",252,6.172,"настоятельно не рекомендую покупать эти водолазки. я такую ужасную синтетику ещё с Али не получала. всякое бывало, но это вообще из ряда вон. для примера скажу что после стирки эта кофта высохла за 7 минут, совсем как носки капроновые. она ужасно колется и прозрачная. про пошив одно слово- ужас, строчки пляшут, скроено неровно, повсюду нитки. может раньше продавец и присылал хорошие вещи, то теперь нет. не выбрасывайте деньги, пусть и небольшие. доставка .была быстрой. плюс могу поставить за то что быстро согласились вернуть деньги по спору","negative","OK","2026-05-02T13:13:09.002086Z"
252,"1","2026-05-02T13:13:14.101182Z",253,4.359,"Я его не получила. Вышел спор. В одном заказе я оплатила 2 костюма, а мне отправили 1 костюм, но оплату продавец пытался получить за 2 товара. Возник спор и решить его удалось только с AliExpress/ Поэтому продавцу за ловкачество- самый низкий балл. Я Не Рекомендую Продавца. Это очень плохо, когда тебя пытаются обмануть.","negative","OK","2026-05-02T13:13:14.101223Z"
253,"1","2026-05-02T13:13:15.599324Z",254,0.808,"Товар не пришёл","negative","OK","2026-05-02T13:13:15.599363Z"
254,"1","2026-05-02T13:13:21.202208Z",255,4.895,"Ужасное качество, синтетика, просвечивает и колется, крой не правильный, у горловины морщит все, обработка на плечах и рукавах не соответствует фото, торчат нитки. На моделях совсем другая кофта. Хорошо, что часть денег вернуть обещали. Я это не надену, только выбросить. Очень жаль, когда заказывала, было только 1 реальное фото, а потом уже начали писать недовольные покупатели, если б знала, не покупала бы. В ней просто не комфортно даже находиться, все чешется.","negative","OK","2026-05-02T13:13:21.202244Z"
255,"1","2026-05-02T13:13:23.372470Z",256,1.521,"после стирки, принт стал желтого цвета(((( и черные ушли стали зелеными(((","negative","OK","2026-05-02T13:13:23.372509Z"
256,"1","2026-05-02T13:13:26.401721Z",257,2.393,"Шапка налезла только на 4 летнюю девочку.Шла долго.не довольны- очень маленькая","negative","OK","2026-05-02T13:13:26.401767Z"
257,"1","2026-05-02T13:13:41.078082Z",258,13.984,"Очень долго решалась на покупку и наконец-то выбрала хорошего продавца по рейтингу. Заказала себе юбочку и ждала когда она придёт. Пришла она в срок и в симпатичной упаковочке. Но! Когда я ее раскрыла поняла что мне пришёл какой-то китайский размер. Она не то что короткая, я со своим стандартным для европейской девушки ростом почувствовала себя великаном! Плюс ткань очень тонкая и прозрачная и подюбник узкий и короткий! Сидеть не возможно! Но я думала продавец пойдёт мне навстречу и вернёт хотя бы 50% от суммы чтобы я смогла попробовать свою ""удачу"" в другом магазине. Спорт решили в мою пользу, но деньги так и не пришли. На мои письма не отвечает. Я очень НЕ РЕКОМЕНДУЮ этого продавца. Не тратье время и деньги.","negative","OK","2026-05-02T13:13:41.078117Z"
258,"1","2026-05-02T13:13:42.796966Z",259,1.064,"очень долго шла футболка, качество на троечку, просвечивает.","negative","OK","2026-05-02T13:13:42.797000Z"
259,"1","2026-05-02T13:13:44.330944Z",260,0.931,"заказ шёл два месяца и не дошел","negative","OK","2026-05-02T13:13:44.330978Z"
260,"1","2026-05-02T13:13:49.625046Z",261,4.665,"Прислали рубашку отвратительного качества и непонятного цвета. Швы все вылезшие, белые нитки,строчки расползаются, выглядит убого и очень неаккуратно. 
Про цвет уже и говорить нечего - вместо того сине-голубого цвета, который они показали на фото товара, прислали рубашку, покрытую черно-серо-грязными пятнами с ярко-зелеными вкраплениями. Надеть стыдно...
Оценка товара - самая низшая.","negative","OK","2026-05-02T13:13:49.625077Z"
261,"1","2026-05-02T13:13:57.767154Z",262,4.013,"заказ очень огорчил! не покупайте это платье. своих денег не стоит. я б его вообще не покупала, если б знала, каким оно окажется. во первых - цвет. не соответствует . вообще не синий. во вторых - качество. ужасное. липлет, электрезуется. носить невозможно. открыла спор - половины суммы вернули. но я все равно расстроена","negative","OK","2026-05-02T13:13:57.767189Z"
262,"1","2026-05-02T13:14:00.802015Z",263,2.331,"Такое чувство, что эту куртку, которая выглядит как фуфайка, сшили за одну ночь. Цвет вообще не соответствует. Не рекомендую покупать эту куртку ни в этом магазине, ни в другом.","negative","OK","2026-05-02T13:14:00.802054Z"
263,"1","2026-05-02T13:14:02.365510Z",264,0.878," Товар пришёл с заводским браком . Продавец на встречу не пошёл ","negative","OK","2026-05-02T13:14:02.365549Z"
264,"1","2026-05-02T13:14:03.745934Z",265,0.721,"заказ так и не пришёл","negative","OK","2026-05-02T13:14:03.745962Z"
265,"1","2026-05-02T13:14:11.698927Z",266,7.301,"Посылка провалялась 2 месяца на почте китая! И продавцу было абсолютно насрать где она и что она и мои какие то сообщения игнорировал! После чего я соответственно открыла спор? Время уже истекало . И что вы думаете этот уродец наверное решил пошевелится и вуаля она быстренько появилась !!! Не советую !","negative","TOXIC","2026-05-02T13:14:11.698965Z"
266,"1","2026-05-02T13:14:14.877955Z",267,2.491,"Размерная сетка не соответствует! Заказала xl, бюст - 89 см, вместо 98!! Качество хорошее, но он маленький...  Нет ни одной бирки. Продавец ни на одно сообщение не ответил! Спасибо алиэкспресс, что вернули деньги по спору!","negative","OK","2026-05-02T13:14:14.877999Z"
267,"1","2026-05-02T13:14:16.484261Z",268,0.93,"Посылка так и не пришла, виновата почта России","negative","OK","2026-05-02T13:14:16.484293Z"
268,"1","2026-05-02T13:14:21.270922Z",269,4.145,"фуфло,ткань как марля ,нитки торчат ,Не стоит этих денег","negative","OK","2026-05-02T13:14:21.270957Z"
269,"1","2026-05-02T13:14:23.646685Z",270,1.688,"Несоответствие размера, xxl только на 46 р. , розовое пятно на самом видном месте, но за эти деньги , наверно, лучшего не приходится ждать)))","negative","OK","2026-05-02T13:14:23.646719Z"
270,"1","2026-05-02T13:14:28.444720Z",271,4.163,"Не заказывайте бурда, лучше купить дороже платье но оно будет нормальное ","negative","OK","2026-05-02T13:14:28.444779Z"
271,"1","2026-05-02T13:14:31.508137Z",272,2.469,"плохо! качество материала ужасное! не похоже на то, что на фотке вообще! сидит плохо + велика","negative","OK","2026-05-02T13:14:31.508169Z"
272,"1","2026-05-02T13:14:33.298364Z",273,1.238,"товар не пришёл. продавец деньги не вернул. не советую этого продавца","negative","OK","2026-05-02T13:14:33.298386Z"
273,"1","2026-05-02T13:14:36.115132Z",274,2.259,"Товар не отлеживался, доставка заняла 2 месяца, пришлось открывать спор. В итоге шарф пришёл, но пришёл не тот цвет. Продавец только посочувствовал и ничего не предложил. ","negative","OK","2026-05-02T13:14:36.115162Z"
274,"1","2026-05-02T13:14:37.613632Z",275,0.8,"пришла с дырой","negative","OK","2026-05-02T13:14:37.613658Z"
275,"1","2026-05-02T13:14:39.796768Z",276,1.585,"Плохое качество,сидят не очень за счет этих полос,которые перетягивают,материал тонкий, точно не порекомендую это хлам!!","negative","OK","2026-05-02T13:14:39.796801Z"
276,"1","2026-05-02T13:14:45.235400Z",277,4.807,"Изделие выполнено не профессионально, небрежно.Допущены спущенные петли и пропуски при сшивании деталей, карманы косые. Пряжа использовалась в ""одну"" нитку, поэтому кардиган не держит форму, тонкий, узор не объемный.  Иметь такую вещь в гардеробе не порекомендую.  Спасибо Алиэкспрессу, что вернули деньги.","negative","OK","2026-05-02T13:14:45.235434Z"
277,"1","2026-05-02T13:14:48.652987Z",278,2.759,"Продавец - мошенник! Вместо кофточки отправил какой то брелок! Первый раз с таким столкнулась на этом сайте.  Нельзя у него ничего заказывать!","negative","OK","2026-05-02T13:14:48.653021Z"
278,"1","2026-05-02T13:14:52.314611Z",279,2.912,"Прислали не тот цвет, спор закрыли, деньги не вернули! Не советую продавца и товар, продают лишь бы что то отправить, очень не давольно!!!","negative","OK","2026-05-02T13:14:52.314651Z"
279,"1","2026-05-02T13:14:53.958075Z",280,1.027,"качество оставляет желать лучшего. Рукава как будто рваные","negative","OK","2026-05-02T13:14:53.958100Z"
280,"1","2026-05-02T13:14:55.540252Z",281,1.005,"Джинсы шли почти месяц. Оказались, коротковаты на рост 162, пахнут. В общем, заказ не очень понравился.","negative","OK","2026-05-02T13:14:55.540283Z"
281,"1","2026-05-02T13:14:59.269312Z",282,3.08,"Прошло два месяца, но заказ так и не пришёл. Ни заказа, ни денег. И возврата, так понимаю не будет. За  6343 руб. Я могла бы не плохой пуховик в России купить!!!! Осталась очень недовольной!!!! Больше ничего не буду заказывать у этого продавца,  жаль фирма хорошая. Продавец на связь не выходил. ","negative","OK","2026-05-02T13:14:59.269342Z"
282,"1","2026-05-02T13:15:06.151389Z",283,5.942,"Заказал товар у данного продавца 01.06.2017.  По истечению срока доставки продавец не вернул средства,  а постоянно просил подождать товар, потом стал писать, что я виноват сам, что заказал доставку эконом, прошло 120 дней,  посылка не пришла, продавец возращать средства отказался. Открыл спор, продавец мне предложил сумму возврата 0.00 $. Тем самым подтвердил, что мошенник. Решением Алиэкспресс деньги вернулись. Не рекомендую данный магазин, продавец лжец и мошенник, не прислал товар и хотел кинуть на деньги. Обходите стороной данный магазин!!!!","negative","OK","2026-05-02T13:15:06.151418Z"
283,"1","2026-05-02T13:15:08.360174Z",284,1.514,"Качество товара отвратительное! торчат белые нитки и непрокрашенные клочки меха... в споре продавец вернул только 10% и быстро закрыл спор","negative","OK","2026-05-02T13:15:08.360200Z"
284,"1","2026-05-02T13:15:10.034036Z",285,1.062,"товар так и не пришёл, продавец продливал 4 месяца. Деньги возвращать не хотел, открыла спор. Деньги вернули.","negative","OK","2026-05-02T13:15:10.034079Z"
285,"1","2026-05-02T13:15:12.179600Z",286,1.488,"Ужасная юбка пришла!!! Она тонкая, ужасно мятая и воняет!!! Сверху не прошита, разошлись нитки... просто кошмар!!! Как можно отправлять людом такой товар!!!!!!!!","negative","OK","2026-05-02T13:15:12.179640Z"
286,"1","2026-05-02T13:15:14.820795Z",287,2.011,"Девочки! Не покупайте этот костюм! Просто потраченные в пустую деньги. Тонкий, а штаны это вообще кошмар! ","negative","OK","2026-05-02T13:15:14.820833Z"
287,"1","2026-05-02T13:15:26.603483Z",288,11.119,"заказ не пришел. Продавец отправил на неверный адрес. Спустя 1,5 месяца с момента оплаты, начали звонить и уточнять время удобное для доставки. Причем звонили по 4 раза на дню и каждый раз удивлялись, что я не живу в указанном продавцом городе. Исправляли данные м все по-новой. Две недели звонили!!!!  Связалась с продавцов, конечно, попросила вмешаться . Прислал ответ, что проверит адрес и исправит. И тишинааа... а доставка звонииит. В общем истек срок защиты и я открыла спор о возврате денег. Продавец не вникая абсолютно, предложил набраться терпения и ждать товар!!!!  Бессовестно. Его косяк,  а он еще и дураком прикинулся... ждите... Спасибо Али, деньги вернули. 
заказывала в этом магазине уже и была оочень довольна качеством одежды. Эта ситуация оставила неприятный осадок. Продавец не порядочный. Врядли буду заказывать здесь снова.","negative","OK","2026-05-02T13:15:26.603524Z"
288,"1","2026-05-02T13:15:31.528443Z",289,4.18,"Ужасное качество, кружево твёрдое и колючее, на плечи не ложится, сожалею, что заказала эту вещь, носить невозможно, настолько колючее кружево, это подделка, не советую к покупке, продавец не вернул даже 50 процентов суммы, не порядочный, кофту эту только выбросить, носить невозможно","negative","OK","2026-05-02T13:15:31.528476Z"
289,"1","2026-05-02T13:15:34.078165Z",290,1.842,"Юбка слишком объемная, но это ладно. Шов почему-то расположен снаружи, тоесть ткань расположена наизнанку. Придется перешивать.","negative","OK","2026-05-02T13:15:34.078198Z"
290,"1","2026-05-02T13:15:35.288284Z",291,0.519,"нормально: тонкая ткань, похоже на длинную футболку, на рост 160 нормально
плохо: очень некачественный шов сзади, смотрится как будто в кучу :с жаль","negative","OK","2026-05-02T13:15:35.288313Z"
291,"1","2026-05-02T13:15:43.179066Z",292,2.276,"долго  шла  11 11 17 закази  сегодня  10 01 18","negative","OK","2026-05-02T13:15:43.179102Z"
292,"1","2026-05-02T13:15:45.196873Z",293,1.307,"Большая в талии, еще и в бедрах полнит.
Очень расстроилась:(","negative","OK","2026-05-02T13:15:45.196923Z"
293,"1","2026-05-02T13:15:47.514118Z",294,1.63,"1.цвет не соответствует описанию!али одобрил возврат части средств,прошёл месяц.Денег нет!","negative","OK","2026-05-02T13:15:47.514149Z"
294,"1","2026-05-02T13:15:50.591082Z",295,2.379,"Заказала шорты 29.07, товар не пришёл. Спор открывала дважды, первый раз продавец попросил закрыть и немного подождать. Ситуация не изменилась, поэтому открыла спор снова. Деньги вернули очень неохотно. ","negative","OK","2026-05-02T13:15:50.591113Z"
295,"1","2026-05-02T13:15:53.737492Z",296,2.475,"линяют безобразно. три раза замачивала в порошке, простирала на машинке и все равно линяют. Размер l и xl ничем не отличаются, на русский 46 натягиваются с трудом.","negative","OK","2026-05-02T13:15:53.737514Z"
296,"1","2026-05-02T13:15:55.313154Z",297,1.026,"размер не соответствует вообще- 7XL подходит только на 52р","negative","OK","2026-05-02T13:15:55.313196Z"
297,"1","2026-05-02T13:15:57.318446Z",298,1.415,"Не понравился. Очень тонкая ткань, просвечивается. И фасон не совсем такой как на фото. Коротковат и выглядит мешковато.","negative","OK","2026-05-02T13:15:57.318485Z"
298,"1","2026-05-02T13:15:59.528277Z",299,1.534,"не пришел товар","negative","OK","2026-05-02T13:15:59.528318Z"
299,"1","2026-05-02T13:16:02.333292Z",300,2.172,"легинсы отвратительные .Пришли во первых не тем цветом что я хотела .Во вторых они не тянутся .легинсы должны тянуться а они как из тряпки сделаны .Очень маленькие .На ребенка лет 13-и.Вобщем не рекомендую!!!","negative","OK","2026-05-02T13:16:02.333332Z"
300,"1","2026-05-02T13:16:04.294676Z",301,1.337,"Размер не соответствует заявленному. С боку торчит пух, из за дефекта ткани. Открыла спор. Продавец его закрыл и деньги не вернул. Общаюсь с службой поддержки по этому поводу. ","negative","OK","2026-05-02T13:16:04.294709Z"
301,"1","2026-05-02T13:16:11.109565Z",302,6.146,"Заказала 22.11.17 пришло 10.01.2018. 
Отправили в течении суток. 
Ослеживался полностью. Ожидания не оправдались. Повелась на отзывы и количество заказов. Упакован был нормально, пакет в пакете. Снимала видео при распаковке и не прогадала. Товар пришел с дыркой на самом видном месте. чуть выше груди.ещё и поползла дырка. Написала продавцу - ни ответа ни привета.  Пришлось открыть спор - вернули часть денег. Товар поврежден, я заказывала целый. 
Надеюсь продавец будет более внимателен и товары с дефектом отправлять не будет.","negative","OK","2026-05-02T13:16:11.109598Z"
302,"1","2026-05-02T13:16:13.297178Z",303,1.528,"Платье оказалось маломеркой. На 42-44 в S нельзя даже пошевелить руками, резинка проходит прям после груди, из-за чего сразу создается эффект отсутствия талии и фигура бочонок. Разочарована....","negative","OK","2026-05-02T13:16:13.297211Z"
303,"1","2026-05-02T13:16:14.970098Z",304,0.976,"Пижама в пятнах, в затяжках. Продавец не отреагировал на это.","negative","OK","2026-05-02T13:16:14.970130Z"
304,"1","2026-05-02T13:16:16.545386Z",305,0.924,"the package arrived fast, but the size was so small","negative","OK","2026-05-02T13:16:16.545418Z"
305,"1","2026-05-02T13:16:19.412679Z",306,2.024,"у этого продавца ранее заказывала два раза, но эта посылка так и не пришла, деньги вернули, но постоянно спорили. продавец писал , что посылка получена, присылал скриншоты и тд., но номера в скриншотах были старых посылок.","negative","OK","2026-05-02T13:16:19.412729Z"
306,"1","2026-05-02T13:16:22.132830Z",307,2.127,"Свитер пришел быстро, но на вороте брак, на самом видном месте, разъехались нитки сильно, вид весь испорчен. Не рекомендую продавца, как можно отправлять товар в таком виде, не проверяют видно когда отправляют. Очень расстроена, это впервые за всю историю моих покупок на сайте.","negative","OK","2026-05-02T13:16:22.132869Z"
307,"1","2026-05-02T13:16:24.423722Z",308,1.582,"товар так и не пришёл, заказала 29.06 уже пятый месяц продавец обещает что посылка придет обязательно, деньги не вернули трэк не отслеживался","negative","OK","2026-05-02T13:16:24.423752Z"
308,"1","2026-05-02T13:16:26.066443Z",309,1.046,"блузка, к сожалению, ко мне так и не пришла","negative","OK","2026-05-02T13:16:26.066493Z"
309,"1","2026-05-02T13:16:28.307128Z",310,1.655,"Мало. По поводу размера советовалась с продавцом и все равно очень мало, не соответствует таблице. Первый промах в этом магазине и продавец никак не реагирует на сообщения. Обидно","negative","OK","2026-05-02T13:16:28.307158Z"
310,"1","2026-05-02T13:16:30.362714Z",311,1.357,"Свитшот так и не пришёл, продавец долго делал мозги, говорил отправит новый заказ, но так и не отправил... продавца не советую никому!","negative","OK","2026-05-02T13:16:30.362760Z"
311,"1","2026-05-02T13:16:33.526257Z",312,2.505,"Свитер по качеству неплохой, но размер s  соответствует скорее xl. На фото изящная талия, в действительности свитер более подходит для беременных. Вместо синего прислали черный. Воротник неудобный, его надо подворачивать вовнутрь, а не наружу, из-за этого очень не комфортно шее.","negative","OK","2026-05-02T13:16:33.526296Z"
317,"1","2026-05-02T13:19:26.499627Z",351,3.028,"Продавец просто сука( два месяца не отправлял посылку, в итоге деньги вернули, а жаль, футболку очень хотелось...","negative","TOXIC","2026-05-02T13:19:26.499684Z"
332,"1","2026-05-02T13:22:45.831893Z",1003,4.842,"товар так и не пришел! 
деньги не вернули твари!!!","negative","TOXIC","2026-05-02T13:22:45.831925Z"
318,"1","2026-05-02T13:19:32.670035Z",1497,3.735,"Пиздец. а не продавец . товара нет,деньги хер вернули.еще просит в споре чтобы я  ему товар вернула.короче не денег ни лифона.подавись сука.а жду 5 месяцев.гондон","negative","TOXIC","2026-05-02T13:19:32.670075Z"
319,"1","2026-05-02T13:19:40.139898Z",2159,6.179,"Гавно ссаное,продавец не разбирается в цветах,как бля.ь можно цвет перепутать сука,че там долбоебы что ли все? Не? ","negative","TOXIC","2026-05-02T13:19:40.139928Z"
320,"1","2026-05-02T13:19:49.251810Z",2414,7.608,"повторный заказ так и не пришел . заказ от 10.08.17. уже конец декабря. сука.","negative","SPAM","2026-05-02T13:19:49.251865Z"
321,"1","2026-05-02T13:19:57.220978Z",3414,6.45,"н
НЕ ПОКУПАЙТЕ!!!!!!!!!!!
этот пидрила сука
прислал полную хуйню 
сшито ужасно!! ткань полное дерьмо!! а наклейка ещё и с синеватыми пятнами!!!!
и не вернул мои деньги!!!!!","negative","TOXIC","2026-05-02T13:19:57.221012Z"
322,"1","2026-05-02T13:20:04.460395Z",5812,4.14,"Ужас посылка не пришла и деньги не вернул сука","negative","TOXIC","2026-05-02T13:20:04.460425Z"
333,"1","2026-05-02T13:23:13.138996Z",6067,7.446,"Девочки , не советую! Говно! Брала по размерной чету продавца , и что вы думаете на 2 размера меньше прислали. Твари. Чертовы носки не положили. Уроды пиздоглазые, никогда не закажу у них. Алиэкспресс говно ","negative","TOXIC","2026-05-02T13:23:13.139037Z"
315,"1","2026-05-02T13:18:14.832346Z",7214,4.44,"Вместо чулков телестного цвета., пришли двое черных. Не знаю куда теперь эти блядкие колготки деть","negative","TOXIC","2026-05-02T13:18:14.832380Z"
316,"1","2026-05-02T13:19:09.004396Z",7308,4.793,"Товар пришел с другим логотипом, открыл спор,продавец обещал выслать то, что заказывал, но так ничего не выслал. Деньги не вернули. Продавца не рекомендую. Олени блядь!","negative","TOXIC","2026-05-02T13:19:09.004424Z"
323,"1","2026-05-02T13:20:18.702661Z",7461,3.332,"Сука ебаный продавец отправил какую-то хуйню. Пообещал что вернёт деньги, но так и не вернул. Сейчас на сообщения не отвечает. Не заказывайте здесь.","negative","TOXIC","2026-05-02T13:20:18.702699Z"
324,"1","2026-05-02T13:20:25.837673Z",8354,4.217,"Отвратительное качество. Заказывала специально на размер больше чтобы рукава не были короткими, но они сука все равно короткие!!!1","negative","TOXIC","2026-05-02T13:20:25.837703Z"
325,"1","2026-05-02T13:20:35.392853Z",9763,8.223,"Такой блять подставы я не ожидала чесслово( продавец долго мурыжил, неделю ждала только отправки!( но х.. с этой отправкой! Тот случай, когда ожидание и реальность, мягко говоря не совпадают!( куртка тонкая, а не плотный джинс как из Зары! Хотя модель один в один! Заклепки отлетели пока расстёгивала эту сраную куртку! Эти заклепки бренчат на тебе как бубен шамана! Карманы дырявые! Сука! За что 1600?! Длина куртки не 85 см а 75!!!! ","negative","TOXIC","2026-05-02T13:20:35.392887Z"
326,"1","2026-05-02T13:20:42.087146Z",10692,5.439,"шапка,сука,на ребенка 4 лет, что за отзывы дурацкие пишут,на голову 55см еще и велика???? На мою,сука,56 см не налезла.....Как так спрашивается???","negative","TOXIC","2026-05-02T13:20:42.087183Z"
334,"1","2026-05-02T13:23:28.858385Z",12126,14.438,"НИКОГДА НЕ ЗАКАЗЫВАЙТЕ У ЭТОГО ПРОДАВЦА !!!Не смотря на то что товар пришёл быстро ,качество среднее,но мне пришли с браком (дырка)открыла спор и написала продавцу он начал изверится ,и сказал что отправит новый товар.И что вы думаете??эта тварь закрыла спор","negative","TOXIC","2026-05-02T13:23:28.858417Z"
327,"1","2026-05-02T13:20:46.308197Z",13783,2.964,"сука, очень зла.!!!!! размерная сетка не совпадает","negative","TOXIC","2026-05-02T13:20:46.308229Z"
335,"1","2026-05-02T13:23:40.248340Z",16055,9.79,"Самый отвратительный заказ из всех что был на али. Посылка пришла мокрая!!! Намочили и заскотчевали! Деньги не вернули твари! Бессовестные! Зла не хватает! Это гавно конечно не оденешь! Сыпется ужасно. Форму потеряло! Доплатила чтоб удлинили и рукава сделали 3/4 . При этом условии я и заказала! Но они этого не сделали!!!  Желаю от души вам обанкротится! Деньги не маленькие и все на ветер! Пусть они боком выйдут вам ","negative","TOXIC","2026-05-02T13:23:40.248378Z"
328,"1","2026-05-02T13:21:26.790765Z",17586,38.47,"Ну значит так! Продавец самый конченный человек из всех китайцев! Сказать что он ПИДОРАС, значит не сказать ничего! Я его маму ебал! Или ее! Товар ГАВНО! Размер хуйня! Доставка сука 3 месяца! Это вообще пиздец! 3 ебучих месяца шло это гавно! Да засунь эту кофту себе в очко или в пизду ТВАРЬ ты ебливая! Чтобы ты сучара в аду горела! Не покупайте у этого продавца НИЧЕГО! Это наебалово! Пидорасы! Твари ускоглазые! Пошли вы нахуй! ","negative","TOXIC","2026-05-02T13:21:26.790807Z"
336,"1","2026-05-02T13:24:03.212501Z",17668,16.89,"Размер не подходит к телу какие бы не били у вас параметры. Сшиты на от***ст. Качество отвартное","negative","OK","2026-05-02T13:24:03.212529Z"
337,"1","2026-05-02T13:24:10.794600Z",17962,6.096,"Скоты и твари, на смс не отвечают, товара нет, срок истёк, спор открыть не дали, просто свиньи! Не заказывайте, чистый обман","negative","TOXIC","2026-05-02T13:24:10.794633Z"
314,"1","2026-05-02T13:17:52.642820Z",18273,8.345,"продавец задержал отправку товара, товар шел 2 месяца. Продавец никак не помогал. в итоге получил.Но качество ужасное, размер не соответствует, нитки торчат.Деньги возвращать не хочет.Мразь. Не покупайте у него ничего","negative","TOXIC","2026-05-02T13:17:52.642865Z"
338,"1","2026-05-02T13:24:17.419467Z",22847,5.2,"твари суки, товара нет, денег нет","negative","TOXIC","2026-05-02T13:24:17.419501Z"
339,"1","2026-05-02T13:24:22.733518Z",24005,3.321,"товар ее пришел это мошенники. ..и деньги не вернули твари. ...","negative","TOXIC","2026-05-02T13:24:22.733542Z"
340,"1","2026-05-02T13:24:28.994447Z",24833,4.994,"Водолазка мало того что пришла рваная, так она ещё и дырявая. Ей теперь только полы мыть! Срочно верните деньги твари!!!!!!","negative","TOXIC","2026-05-02T13:24:28.994469Z"
348,"1","2026-05-02T13:26:35.564293Z",26399,4.27,"суки твари, мой заказ не пришел, деньги не вернули","negative","TOXIC","2026-05-02T13:26:35.564324Z"
341,"1","2026-05-02T13:24:42.797364Z",26644,3.942,"товара нет денег нет! продавец вообще ужасный! алиэкспрес тоже твари! деньги не вернули!","negative","TOXIC","2026-05-02T13:24:42.797421Z"
329,"1","2026-05-02T13:21:45.389166Z",27351,16.377,"Прислал сука брак !!! Я открыа спор продавец просил закрой спор а я тебе скидку на след покупку сделаю ! Итог : обещает но делает я пишу ему он говорит да ) , а сам нихера ) в это время так как спор закрыт ) ни денег не скидки и бракованная футболка )) пишу ему он говорит ::ну все уже проехали ) мудила короче а майка если бы без брака то норм !не рекомендую не продавца ни чего что с ним связано )","negative","TOXIC","2026-05-02T13:21:45.389196Z"
330,"1","2026-05-02T13:21:53.889068Z",27676,6.269,"Девочки, куртка говно и продавец говно. Не ведитесь на эти отзывы. Куртка очень тонкая, очень неудобный замок, воротник ещё хуже. В магазине я б такую в жизни не купила. Ткань как подклад. Рукава на скелета какого-то. На футболку если только носить, без шарфа и  тёплой осенью. Не зима уж точно. Продавец пиздабол конченый. Кинул сука меня. Уговорил купить размер М - но куртка на очень худенькую девочку с толстой жопой. Я отправила куртку назад на склад в Москве. Месяц этот урод мурыжил меня. Не высылал ни денег ни другой куртки. Кое как он вернул мне деньги - меньше на 500 руб. Я тут заебала всех на Али - писала во все помощи чтобы он вообще мне что-то вернул. Не берите эту херню!!!!!","negative","TOXIC","2026-05-02T13:21:53.889115Z"
342,"1","2026-05-02T13:24:53.686182Z",28276,9.44,"Продавец мудак!!!! Во-первых отправил не тот товар, отказался возмещать деньги!!!  Спор в итоге я проиграла!!! Продавец тварь!!! Желаю ему сдохнуть за эту тысячу на которую он меня наебал!!! Вообще таких не порядочных продавцов мне вообще никогда не порождались на алиэкспресс!!!! Мудачило китайское!!! Сучело наебщик! ","negative","TOXIC","2026-05-02T13:24:53.686212Z"
343,"1","2026-05-02T13:25:03.642396Z",29878,4.755,"Заказала в августе, когда почти подошел срок - продлили еще на месяц, а потом еще на 2 месяца. Заказа так и не дождалась, деньги улетели. Твари.","negative","TOXIC","2026-05-02T13:25:03.642425Z"
347,"1","2026-05-02T13:26:24.629989Z",53013,2.147,"пальто отслеживалось, пришло быстро. но оно не совсем как на фото, на фото проймы рукава не отстрочены, и плечи выкроены неправильно, из-за этого в плечах все кривое и топорщится даже после отваривания. подкладка простегана, ткань дубовая, носить конечно можно, но восторга не испытала.","neautral","OK","2026-05-02T13:26:24.630034Z"
346,"1","2026-05-02T13:26:20.705049Z",60261,2.106,"тварь не пришёл,деньги вернули через спор.","positive","OK","2026-05-02T13:26:20.705085Z"
331,"1","2026-05-02T13:22:04.700014Z",67350,9.067,"немного точащих ниток ещё куда ни шло. но как сука в туалет-то ходить?","positive","SPAM","2026-05-02T13:22:04.700050Z"
345,"1","2026-05-02T13:26:17.413002Z",69834,1.576,"Отвар отличный) пришли за две недели, качество хорошее, цвет немного насыщенней чем на фото) думаю заказать ещё)","positive","OK","2026-05-02T13:26:17.413030Z"
344,"1","2026-05-02T13:26:14.486463Z",78463,6.053,"До Ростовской области доставка месяц... Качество за такую цену очень хорошее. По размеру жилетка подошла. Недостатков нет, сшито очень качественно, неприятного запаха нет.Очень легкая и удобная жилетка. Даже отваривать не пришлось, мех в отличном состоянии. Спасибо продавцу.","positive","OK","2026-05-02T13:26:14.486495Z"
